chunk,position,study_id,model_view,horizontal_flip,distance_from_starting_side,distance_nonzero
0,0,RSNA_10102,L-CC,YES,0.0,False
0,0,RSNA_10102,R-CC,YES,0.0,False
0,0,RSNA_10102,L-MLO,YES,0.0,False
0,0,RSNA_10102,R-MLO,YES,0.0,False
0,1,RSNA_10185,L-CC,YES,0.0,False
0,1,RSNA_10185,R-CC,YES,0.0,False
0,1,RSNA_10185,L-MLO,YES,0.0,False
0,1,RSNA_10185,R-MLO,YES,0.0,False
1,0,RSNA_10406,L-CC,YES,0.0,False
1,0,RSNA_10406,R-CC,YES,0.0,False
1,0,RSNA_10406,L-MLO,YES,0.0,False
1,0,RSNA_10406,R-MLO,YES,0.0,False
1,1,RSNA_10424,L-CC,YES,0.0,False
1,1,RSNA_10424,R-CC,YES,0.0,False
1,1,RSNA_10424,L-MLO,YES,0.0,False
1,1,RSNA_10424,R-MLO,YES,0.0,False
1,2,RSNA_10523,L-CC,YES,0.0,False
1,2,RSNA_10523,R-CC,YES,0.0,False
1,2,RSNA_10523,L-MLO,YES,0.0,False
1,2,RSNA_10523,R-MLO,YES,0.0,False
1,3,RSNA_10724,L-CC,YES,0.0,False
1,3,RSNA_10724,R-CC,YES,0.0,False
1,3,RSNA_10724,L-MLO,YES,0.0,False
1,3,RSNA_10724,R-MLO,YES,0.0,False
2,0,RSNA_10882,L-CC,YES,0.0,False
2,0,RSNA_10882,R-CC,YES,0.0,False
2,0,RSNA_10882,L-MLO,YES,0.0,False
2,0,RSNA_10882,R-MLO,YES,0.0,False
2,1,RSNA_11031,L-CC,YES,0.0,False
2,1,RSNA_11031,R-CC,YES,0.0,False
2,1,RSNA_11031,L-MLO,YES,0.0,False
2,1,RSNA_11031,R-MLO,YES,0.0,False
2,2,RSNA_11098,L-CC,YES,0.0,False
2,2,RSNA_11098,R-CC,YES,0.0,False
2,2,RSNA_11098,L-MLO,YES,0.0,False
2,2,RSNA_11098,R-MLO,YES,0.0,False
3,0,RSNA_11357,L-CC,YES,0.0,False
3,0,RSNA_11357,R-CC,YES,0.0,False
3,0,RSNA_11357,L-MLO,YES,0.0,False
3,0,RSNA_11357,R-MLO,YES,0.0,False
3,1,RSNA_11476,L-CC,YES,0.0,False
3,1,RSNA_11476,R-CC,YES,0.0,False
3,1,RSNA_11476,L-MLO,YES,0.0,False
3,1,RSNA_11476,R-MLO,YES,0.0,False
3,2,RSNA_11745,L-CC,YES,0.0,False
3,2,RSNA_11745,R-CC,YES,0.0,False
3,2,RSNA_11745,L-MLO,YES,0.0,False
3,2,RSNA_11745,R-MLO,YES,0.0,False
3,3,RSNA_11768,L-CC,YES,0.0,False
3,3,RSNA_11768,R-CC,YES,0.0,False
3,3,RSNA_11768,L-MLO,YES,0.0,False
3,3,RSNA_11768,R-MLO,YES,0.0,False
4,0,RSNA_12027,L-CC,YES,0.0,False
4,0,RSNA_12027,R-CC,YES,0.0,False
4,0,RSNA_12027,L-MLO,YES,0.0,False
4,0,RSNA_12027,R-MLO,YES,0.0,False
4,1,RSNA_12223,L-CC,YES,0.0,False
4,1,RSNA_12223,R-CC,YES,0.0,False
4,1,RSNA_12223,L-MLO,YES,0.0,False
4,1,RSNA_12223,R-MLO,YES,0.0,False
4,2,RSNA_12226,L-CC,YES,0.0,False
4,2,RSNA_12226,R-CC,YES,0.0,False
4,2,RSNA_12226,L-MLO,YES,0.0,False
4,2,RSNA_12226,R-MLO,YES,0.0,False
5,0,RSNA_1234,L-CC,YES,0.0,False
5,0,RSNA_1234,R-CC,YES,0.0,False
5,0,RSNA_1234,L-MLO,YES,0.0,False
5,0,RSNA_1234,R-MLO,YES,0.0,False
5,1,RSNA_12374,L-CC,YES,0.0,False
5,1,RSNA_12374,R-CC,YES,0.0,False
5,1,RSNA_12374,L-MLO,YES,0.0,False
5,1,RSNA_12374,R-MLO,YES,0.0,False
5,2,RSNA_12392,L-CC,YES,0.0,False
5,2,RSNA_12392,R-CC,YES,0.0,False
5,2,RSNA_12392,L-MLO,YES,0.0,False
5,2,RSNA_12392,R-MLO,YES,0.0,False
5,3,RSNA_12408,L-CC,YES,0.0,False
5,3,RSNA_12408,R-CC,YES,0.0,False
5,3,RSNA_12408,L-MLO,YES,0.0,False
5,3,RSNA_12408,R-MLO,YES,0.0,False
5,4,RSNA_12596,L-CC,YES,0.0,False
5,4,RSNA_12596,R-CC,YES,0.0,False
5,4,RSNA_12596,L-MLO,YES,0.0,False
5,4,RSNA_12596,R-MLO,YES,0.0,False
6,0,RSNA_12663,L-CC,YES,0.0,False
6,0,RSNA_12663,R-CC,YES,0.0,False
6,0,RSNA_12663,L-MLO,YES,0.0,False
6,0,RSNA_12663,R-MLO,YES,0.0,False
6,1,RSNA_1267,L-CC,YES,0.0,False
6,1,RSNA_1267,R-CC,YES,0.0,False
6,1,RSNA_1267,L-MLO,YES,0.0,False
6,1,RSNA_1267,R-MLO,YES,0.0,False
6,2,RSNA_12710,L-CC,YES,0.0,False
6,2,RSNA_12710,R-CC,YES,0.0,False
6,2,RSNA_12710,L-MLO,YES,0.0,False
6,2,RSNA_12710,R-MLO,YES,0.0,False
6,3,RSNA_12725,L-CC,YES,0.0,False
6,3,RSNA_12725,R-CC,YES,0.0,False
6,3,RSNA_12725,L-MLO,YES,0.0,False
6,3,RSNA_12725,R-MLO,YES,0.0,False
6,4,RSNA_12771,L-CC,YES,0.0,False
6,4,RSNA_12771,R-CC,YES,0.0,False
6,4,RSNA_12771,L-MLO,YES,0.0,False
6,4,RSNA_12771,R-MLO,YES,0.0,False
6,5,RSNA_128,L-CC,YES,0.0,False
6,5,RSNA_128,R-CC,YES,0.0,False
6,5,RSNA_128,L-MLO,YES,0.0,False
6,5,RSNA_128,R-MLO,YES,0.0,False
6,6,RSNA_12804,L-CC,YES,0.0,False
6,6,RSNA_12804,R-CC,YES,0.0,False
6,6,RSNA_12804,L-MLO,YES,0.0,False
6,6,RSNA_12804,R-MLO,YES,0.0,False
6,7,RSNA_12832,L-CC,YES,0.0,False
6,7,RSNA_12832,R-CC,YES,0.0,False
6,7,RSNA_12832,L-MLO,YES,0.0,False
6,7,RSNA_12832,R-MLO,YES,0.0,False
6,8,RSNA_12919,L-CC,YES,0.0,False
6,8,RSNA_12919,R-CC,YES,0.0,False
6,8,RSNA_12919,L-MLO,YES,0.0,False
6,8,RSNA_12919,R-MLO,YES,0.0,False
7,0,RSNA_12925,L-CC,YES,0.0,False
7,0,RSNA_12925,R-CC,YES,0.0,False
7,0,RSNA_12925,L-MLO,YES,0.0,False
7,0,RSNA_12925,R-MLO,YES,0.0,False
7,1,RSNA_13101,L-CC,YES,0.0,False
7,1,RSNA_13101,R-CC,YES,0.0,False
7,1,RSNA_13101,L-MLO,YES,0.0,False
7,1,RSNA_13101,R-MLO,YES,0.0,False
7,2,RSNA_1313,L-CC,YES,0.0,False
7,2,RSNA_1313,R-CC,YES,0.0,False
7,2,RSNA_1313,L-MLO,YES,0.0,False
7,2,RSNA_1313,R-MLO,YES,0.0,False
7,3,RSNA_13158,L-CC,YES,0.0,False
7,3,RSNA_13158,R-CC,YES,0.0,False
7,3,RSNA_13158,L-MLO,YES,0.0,False
7,3,RSNA_13158,R-MLO,YES,0.0,False
7,4,RSNA_13171,L-CC,YES,0.0,False
7,4,RSNA_13171,R-CC,YES,0.0,False
7,4,RSNA_13171,L-MLO,YES,0.0,False
7,4,RSNA_13171,R-MLO,YES,0.0,False
8,0,RSNA_13335,L-CC,YES,0.0,False
8,0,RSNA_13335,R-CC,YES,0.0,False
8,0,RSNA_13335,L-MLO,YES,0.0,False
8,0,RSNA_13335,R-MLO,YES,0.0,False
8,1,RSNA_13428,L-CC,YES,0.0,False
8,1,RSNA_13428,R-CC,YES,0.0,False
8,1,RSNA_13428,L-MLO,YES,0.0,False
8,1,RSNA_13428,R-MLO,YES,0.0,False
8,2,RSNA_13487,L-CC,YES,0.0,False
8,2,RSNA_13487,R-CC,YES,0.0,False
8,2,RSNA_13487,L-MLO,YES,0.0,False
8,2,RSNA_13487,R-MLO,YES,0.0,False
8,3,RSNA_13578,L-CC,YES,0.0,False
8,3,RSNA_13578,R-CC,YES,0.0,False
8,3,RSNA_13578,L-MLO,YES,0.0,False
8,3,RSNA_13578,R-MLO,YES,0.0,False
9,0,RSNA_13756,L-CC,YES,0.0,False
9,0,RSNA_13756,R-CC,YES,0.0,False
9,0,RSNA_13756,L-MLO,YES,0.0,False
9,0,RSNA_13756,R-MLO,YES,0.0,False
9,1,RSNA_13778,L-CC,YES,0.0,False
9,1,RSNA_13778,R-CC,YES,0.0,False
9,1,RSNA_13778,L-MLO,YES,0.0,False
9,1,RSNA_13778,R-MLO,YES,0.0,False
9,2,RSNA_13920,L-CC,YES,0.0,False
9,2,RSNA_13920,R-CC,YES,0.0,False
9,2,RSNA_13920,L-MLO,YES,0.0,False
9,2,RSNA_13920,R-MLO,YES,0.0,False
9,3,RSNA_13966,L-CC,YES,0.0,False
9,3,RSNA_13966,R-CC,YES,0.0,False
9,3,RSNA_13966,L-MLO,YES,0.0,False
9,3,RSNA_13966,R-MLO,YES,0.0,False
9,4,RSNA_14045,L-CC,YES,0.0,False
9,4,RSNA_14045,R-CC,YES,0.0,False
9,4,RSNA_14045,L-MLO,YES,0.0,False
9,4,RSNA_14045,R-MLO,YES,0.0,False
9,5,RSNA_14048,L-CC,YES,0.0,False
9,5,RSNA_14048,R-CC,YES,0.0,False
9,5,RSNA_14048,L-MLO,YES,0.0,False
9,5,RSNA_14048,R-MLO,YES,0.0,False
10,0,RSNA_14341,L-CC,YES,0.0,False
10,0,RSNA_14341,R-CC,YES,0.0,False
10,0,RSNA_14341,L-MLO,YES,0.0,False
10,0,RSNA_14341,R-MLO,YES,0.0,False
10,1,RSNA_14374,L-CC,YES,0.0,False
10,1,RSNA_14374,R-CC,YES,0.0,False
10,1,RSNA_14374,L-MLO,YES,0.0,False
10,1,RSNA_14374,R-MLO,YES,0.0,False
10,2,RSNA_14382,L-CC,YES,0.0,False
10,2,RSNA_14382,R-CC,YES,0.0,False
10,2,RSNA_14382,L-MLO,YES,0.0,False
10,2,RSNA_14382,R-MLO,YES,0.0,False
11,0,RSNA_14664,L-CC,YES,0.0,False
11,0,RSNA_14664,R-CC,YES,0.0,False
11,0,RSNA_14664,L-MLO,YES,0.0,False
11,0,RSNA_14664,R-MLO,YES,0.0,False
12,0,RSNA_15117,L-CC,YES,0.0,False
12,0,RSNA_15117,R-CC,YES,0.0,False
12,0,RSNA_15117,L-MLO,YES,0.0,False
12,0,RSNA_15117,R-MLO,YES,0.0,False
12,1,RSNA_1519,L-CC,YES,0.0,False
12,1,RSNA_1519,R-CC,YES,0.0,False
12,1,RSNA_1519,L-MLO,YES,0.0,False
12,1,RSNA_1519,R-MLO,YES,0.0,False
13,0,RSNA_15793,L-CC,YES,0.0,False
13,0,RSNA_15793,R-CC,YES,0.0,False
13,0,RSNA_15793,L-MLO,YES,0.0,False
13,0,RSNA_15793,R-MLO,YES,0.0,False
13,1,RSNA_1588,L-CC,YES,0.0,False
13,1,RSNA_1588,R-CC,YES,0.0,False
13,1,RSNA_1588,L-MLO,YES,0.0,False
13,1,RSNA_1588,R-MLO,YES,0.0,False
14,0,RSNA_15911,L-CC,YES,0.0,False
14,0,RSNA_15911,R-CC,YES,0.0,False
14,0,RSNA_15911,L-MLO,YES,0.0,False
14,0,RSNA_15911,R-MLO,YES,0.0,False
14,1,RSNA_16003,L-CC,YES,0.0,False
14,1,RSNA_16003,R-CC,YES,0.0,False
14,1,RSNA_16003,L-MLO,YES,0.0,False
14,1,RSNA_16003,R-MLO,YES,0.0,False
14,2,RSNA_16128,L-CC,YES,0.0,False
14,2,RSNA_16128,R-CC,YES,0.0,False
14,2,RSNA_16128,L-MLO,YES,0.0,False
14,2,RSNA_16128,R-MLO,YES,0.0,False
14,3,RSNA_16145,L-CC,YES,0.0,False
14,3,RSNA_16145,R-CC,YES,0.0,False
14,3,RSNA_16145,L-MLO,YES,0.0,False
14,3,RSNA_16145,R-MLO,YES,0.0,False
14,4,RSNA_16361,L-CC,YES,0.0,False
14,4,RSNA_16361,R-CC,YES,0.0,False
14,4,RSNA_16361,L-MLO,YES,0.0,False
14,4,RSNA_16361,R-MLO,YES,0.0,False
14,5,RSNA_16380,L-CC,YES,0.0,False
14,5,RSNA_16380,R-CC,YES,0.0,False
14,5,RSNA_16380,L-MLO,YES,0.0,False
14,5,RSNA_16380,R-MLO,YES,0.0,False
15,0,RSNA_16485,L-CC,YES,0.0,False
15,0,RSNA_16485,R-CC,YES,0.0,False
15,0,RSNA_16485,L-MLO,YES,0.0,False
15,0,RSNA_16485,R-MLO,YES,0.0,False
15,1,RSNA_16530,L-CC,YES,0.0,False
15,1,RSNA_16530,R-CC,YES,0.0,False
15,1,RSNA_16530,L-MLO,YES,0.0,False
15,1,RSNA_16530,R-MLO,YES,0.0,False
15,2,RSNA_16702,L-CC,YES,0.0,False
15,2,RSNA_16702,R-CC,YES,0.0,False
15,2,RSNA_16702,L-MLO,YES,0.0,False
15,2,RSNA_16702,R-MLO,YES,0.0,False
15,3,RSNA_16785,L-CC,YES,0.0,False
15,3,RSNA_16785,R-CC,YES,0.0,False
15,3,RSNA_16785,L-MLO,YES,0.0,False
15,3,RSNA_16785,R-MLO,YES,0.0,False
15,4,RSNA_16788,L-CC,YES,0.0,False
15,4,RSNA_16788,R-CC,YES,0.0,False
15,4,RSNA_16788,L-MLO,YES,0.0,False
15,4,RSNA_16788,R-MLO,YES,0.0,False
16,0,RSNA_16862,L-CC,YES,0.0,False
16,0,RSNA_16862,R-CC,YES,0.0,False
16,0,RSNA_16862,L-MLO,YES,0.0,False
16,0,RSNA_16862,R-MLO,YES,0.0,False
16,1,RSNA_1688,L-CC,YES,0.0,False
16,1,RSNA_1688,R-CC,YES,0.0,False
16,1,RSNA_1688,L-MLO,YES,0.0,False
16,1,RSNA_1688,R-MLO,YES,0.0,False
16,2,RSNA_1701,L-CC,YES,0.0,False
16,2,RSNA_1701,R-CC,YES,0.0,False
16,2,RSNA_1701,L-MLO,YES,0.0,False
16,2,RSNA_1701,R-MLO,YES,0.0,False
16,3,RSNA_17039,L-CC,YES,0.0,False
16,3,RSNA_17039,R-CC,YES,0.0,False
16,3,RSNA_17039,L-MLO,YES,0.0,False
16,3,RSNA_17039,R-MLO,YES,0.0,False
16,4,RSNA_17154,L-CC,YES,0.0,False
16,4,RSNA_17154,R-CC,YES,0.0,False
16,4,RSNA_17154,L-MLO,YES,0.0,False
16,4,RSNA_17154,R-MLO,YES,0.0,False
17,0,RSNA_17270,L-CC,YES,0.0,False
17,0,RSNA_17270,R-CC,YES,0.0,False
17,0,RSNA_17270,L-MLO,YES,0.0,False
17,0,RSNA_17270,R-MLO,YES,0.0,False
17,1,RSNA_17272,L-CC,YES,0.0,False
17,1,RSNA_17272,R-CC,YES,0.0,False
17,1,RSNA_17272,L-MLO,YES,0.0,False
17,1,RSNA_17272,R-MLO,YES,0.0,False
17,2,RSNA_17316,L-CC,YES,0.0,False
17,2,RSNA_17316,R-CC,YES,0.0,False
17,2,RSNA_17316,L-MLO,YES,0.0,False
17,2,RSNA_17316,R-MLO,YES,0.0,False
17,3,RSNA_17375,L-CC,YES,0.0,False
17,3,RSNA_17375,R-CC,YES,0.0,False
17,3,RSNA_17375,L-MLO,YES,0.0,False
17,3,RSNA_17375,R-MLO,YES,0.0,False
17,4,RSNA_17376,L-CC,YES,0.0,False
17,4,RSNA_17376,R-CC,YES,0.0,False
17,4,RSNA_17376,L-MLO,YES,0.0,False
17,4,RSNA_17376,R-MLO,YES,0.0,False
17,5,RSNA_17399,L-CC,YES,0.0,False
17,5,RSNA_17399,R-CC,YES,0.0,False
17,5,RSNA_17399,L-MLO,YES,0.0,False
17,5,RSNA_17399,R-MLO,YES,0.0,False
17,6,RSNA_17404,L-CC,YES,0.0,False
17,6,RSNA_17404,R-CC,YES,0.0,False
17,6,RSNA_17404,L-MLO,YES,0.0,False
17,6,RSNA_17404,R-MLO,YES,0.0,False
18,0,RSNA_17549,L-CC,YES,0.0,False
18,0,RSNA_17549,R-CC,YES,0.0,False
18,0,RSNA_17549,L-MLO,YES,0.0,False
18,0,RSNA_17549,R-MLO,YES,0.0,False
18,1,RSNA_17552,L-CC,YES,0.0,False
18,1,RSNA_17552,R-CC,YES,0.0,False
18,1,RSNA_17552,L-MLO,YES,0.0,False
18,1,RSNA_17552,R-MLO,YES,0.0,False
18,2,RSNA_17604,L-CC,YES,0.0,False
18,2,RSNA_17604,R-CC,YES,0.0,False
18,2,RSNA_17604,L-MLO,YES,0.0,False
18,2,RSNA_17604,R-MLO,YES,0.0,False
19,0,RSNA_17711,L-CC,YES,0.0,False
19,0,RSNA_17711,R-CC,YES,0.0,False
19,0,RSNA_17711,L-MLO,YES,0.0,False
19,0,RSNA_17711,R-MLO,YES,0.0,False
19,1,RSNA_17797,L-CC,YES,0.0,False
19,1,RSNA_17797,R-CC,YES,0.0,False
19,1,RSNA_17797,L-MLO,YES,0.0,False
19,1,RSNA_17797,R-MLO,YES,0.0,False
20,0,RSNA_1807,L-CC,YES,0.0,False
20,0,RSNA_1807,R-CC,YES,0.0,False
20,0,RSNA_1807,L-MLO,YES,0.0,False
20,0,RSNA_1807,R-MLO,YES,0.0,False
20,1,RSNA_18243,L-CC,YES,0.0,False
20,1,RSNA_18243,R-CC,YES,0.0,False
20,1,RSNA_18243,L-MLO,YES,0.0,False
20,1,RSNA_18243,R-MLO,YES,0.0,False
20,2,RSNA_18269,L-CC,YES,0.0,False
20,2,RSNA_18269,R-CC,YES,0.0,False
20,2,RSNA_18269,L-MLO,YES,0.0,False
20,2,RSNA_18269,R-MLO,YES,0.0,False
20,3,RSNA_18297,L-CC,YES,0.0,False
20,3,RSNA_18297,R-CC,YES,0.0,False
20,3,RSNA_18297,L-MLO,YES,0.0,False
20,3,RSNA_18297,R-MLO,YES,0.0,False
21,0,RSNA_18797,L-CC,YES,0.0,False
21,0,RSNA_18797,R-CC,YES,0.0,False
21,0,RSNA_18797,L-MLO,YES,0.0,False
21,0,RSNA_18797,R-MLO,YES,0.0,False
21,1,RSNA_1883,L-CC,YES,0.0,False
21,1,RSNA_1883,R-CC,YES,0.0,False
21,1,RSNA_1883,L-MLO,YES,0.0,False
21,1,RSNA_1883,R-MLO,YES,0.0,False
21,2,RSNA_18873,L-CC,YES,0.0,False
21,2,RSNA_18873,R-CC,YES,0.0,False
21,2,RSNA_18873,L-MLO,YES,0.0,False
21,2,RSNA_18873,R-MLO,YES,0.0,False
21,3,RSNA_19023,L-CC,YES,0.0,False
21,3,RSNA_19023,R-CC,YES,0.0,False
21,3,RSNA_19023,L-MLO,YES,0.0,False
21,3,RSNA_19023,R-MLO,YES,0.0,False
22,0,RSNA_19072,L-CC,YES,0.0,False
22,0,RSNA_19072,R-CC,YES,0.0,False
22,0,RSNA_19072,L-MLO,YES,0.0,False
22,0,RSNA_19072,R-MLO,YES,0.0,False
22,1,RSNA_19106,L-CC,YES,0.0,False
22,1,RSNA_19106,R-CC,YES,0.0,False
22,1,RSNA_19106,L-MLO,YES,0.0,False
22,1,RSNA_19106,R-MLO,YES,0.0,False
22,2,RSNA_19354,L-CC,YES,0.0,False
22,2,RSNA_19354,R-CC,YES,0.0,False
22,2,RSNA_19354,L-MLO,YES,0.0,False
22,2,RSNA_19354,R-MLO,YES,0.0,False
22,3,RSNA_19534,L-CC,YES,0.0,False
22,3,RSNA_19534,R-CC,YES,0.0,False
22,3,RSNA_19534,L-MLO,YES,0.0,False
22,3,RSNA_19534,R-MLO,YES,0.0,False
23,0,RSNA_19577,L-CC,YES,0.0,False
23,0,RSNA_19577,R-CC,YES,0.0,False
23,0,RSNA_19577,L-MLO,YES,0.0,False
23,0,RSNA_19577,R-MLO,YES,0.0,False
23,1,RSNA_19603,L-CC,YES,0.0,False
23,1,RSNA_19603,R-CC,YES,0.0,False
23,1,RSNA_19603,L-MLO,YES,0.0,False
23,1,RSNA_19603,R-MLO,YES,0.0,False
23,2,RSNA_19605,L-CC,YES,0.0,False
23,2,RSNA_19605,R-CC,YES,0.0,False
23,2,RSNA_19605,L-MLO,YES,0.0,False
23,2,RSNA_19605,R-MLO,YES,0.0,False
23,3,RSNA_19649,L-CC,YES,0.0,False
23,3,RSNA_19649,R-CC,YES,0.0,False
23,3,RSNA_19649,L-MLO,YES,0.0,False
23,3,RSNA_19649,R-MLO,YES,0.0,False
23,4,RSNA_19713,L-CC,YES,0.0,False
23,4,RSNA_19713,R-CC,YES,0.0,False
23,4,RSNA_19713,L-MLO,YES,0.0,False
23,4,RSNA_19713,R-MLO,YES,0.0,False
23,5,RSNA_19853,L-CC,YES,0.0,False
23,5,RSNA_19853,R-CC,YES,0.0,False
23,5,RSNA_19853,L-MLO,YES,0.0,False
23,5,RSNA_19853,R-MLO,YES,0.0,False
24,0,RSNA_1990,L-CC,YES,0.0,False
24,0,RSNA_1990,R-CC,YES,0.0,False
24,0,RSNA_1990,L-MLO,YES,0.0,False
24,0,RSNA_1990,R-MLO,YES,0.0,False
24,1,RSNA_19903,L-CC,YES,0.0,False
24,1,RSNA_19903,R-CC,YES,0.0,False
24,1,RSNA_19903,L-MLO,YES,0.0,False
24,1,RSNA_19903,R-MLO,YES,0.0,False
24,2,RSNA_19919,L-CC,YES,0.0,False
24,2,RSNA_19919,R-CC,YES,0.0,False
24,2,RSNA_19919,L-MLO,YES,0.0,False
24,2,RSNA_19919,R-MLO,YES,0.0,False
24,3,RSNA_20005,L-CC,YES,0.0,False
24,3,RSNA_20005,R-CC,YES,0.0,False
24,3,RSNA_20005,L-MLO,YES,0.0,False
24,3,RSNA_20005,R-MLO,YES,0.0,False
24,4,RSNA_20184,L-CC,YES,0.0,False
24,4,RSNA_20184,R-CC,YES,0.0,False
24,4,RSNA_20184,L-MLO,YES,0.0,False
24,4,RSNA_20184,R-MLO,YES,0.0,False
24,5,RSNA_20187,L-CC,YES,0.0,False
24,5,RSNA_20187,R-CC,YES,0.0,False
24,5,RSNA_20187,L-MLO,YES,0.0,False
24,5,RSNA_20187,R-MLO,YES,0.0,False
24,6,RSNA_20198,L-CC,YES,0.0,False
24,6,RSNA_20198,R-CC,YES,0.0,False
24,6,RSNA_20198,L-MLO,YES,0.0,False
24,6,RSNA_20198,R-MLO,YES,0.0,False
24,7,RSNA_20210,L-CC,YES,0.0,False
24,7,RSNA_20210,R-CC,YES,0.0,False
24,7,RSNA_20210,L-MLO,YES,0.0,False
24,7,RSNA_20210,R-MLO,YES,0.0,False
25,0,RSNA_20251,L-CC,YES,0.0,False
25,0,RSNA_20251,R-CC,YES,0.0,False
25,0,RSNA_20251,L-MLO,YES,0.0,False
25,0,RSNA_20251,R-MLO,YES,0.0,False
25,1,RSNA_2030,L-CC,YES,0.0,False
25,1,RSNA_2030,R-CC,YES,0.0,False
25,1,RSNA_2030,L-MLO,YES,0.0,False
25,1,RSNA_2030,R-MLO,YES,0.0,False
25,2,RSNA_20540,L-CC,YES,0.0,False
25,2,RSNA_20540,R-CC,YES,0.0,False
25,2,RSNA_20540,L-MLO,YES,0.0,False
25,2,RSNA_20540,R-MLO,YES,0.0,False
26,0,RSNA_20948,L-CC,YES,0.0,False
26,0,RSNA_20948,R-CC,YES,0.0,False
26,0,RSNA_20948,L-MLO,YES,0.0,False
26,0,RSNA_20948,R-MLO,YES,0.0,False
26,1,RSNA_211,L-CC,YES,0.0,False
26,1,RSNA_211,R-CC,YES,0.0,False
26,1,RSNA_211,L-MLO,YES,0.0,False
26,1,RSNA_211,R-MLO,YES,0.0,False
27,0,RSNA_21224,L-CC,YES,0.0,False
27,0,RSNA_21224,R-CC,YES,0.0,False
27,0,RSNA_21224,L-MLO,YES,0.0,False
27,0,RSNA_21224,R-MLO,YES,0.0,False
27,1,RSNA_21245,L-CC,YES,0.0,False
27,1,RSNA_21245,R-CC,YES,0.0,False
27,1,RSNA_21245,L-MLO,YES,0.0,False
27,1,RSNA_21245,R-MLO,YES,0.0,False
27,2,RSNA_21462,L-CC,YES,0.0,False
27,2,RSNA_21462,R-CC,YES,0.0,False
27,2,RSNA_21462,L-MLO,YES,0.0,False
27,2,RSNA_21462,R-MLO,YES,0.0,False
28,0,RSNA_21519,L-CC,YES,0.0,False
28,0,RSNA_21519,R-CC,YES,0.0,False
28,0,RSNA_21519,L-MLO,YES,0.0,False
28,0,RSNA_21519,R-MLO,YES,0.0,False
28,1,RSNA_21713,L-CC,YES,0.0,False
28,1,RSNA_21713,R-CC,YES,0.0,False
28,1,RSNA_21713,L-MLO,YES,0.0,False
28,1,RSNA_21713,R-MLO,YES,0.0,False
28,2,RSNA_21780,L-CC,YES,0.0,False
28,2,RSNA_21780,R-CC,YES,0.0,False
28,2,RSNA_21780,L-MLO,YES,0.0,False
28,2,RSNA_21780,R-MLO,YES,0.0,False
29,0,RSNA_22023,L-CC,YES,0.0,False
29,0,RSNA_22023,R-CC,YES,0.0,False
29,0,RSNA_22023,L-MLO,YES,0.0,False
29,0,RSNA_22023,R-MLO,YES,0.0,False
29,1,RSNA_22230,L-CC,YES,0.0,False
29,1,RSNA_22230,R-CC,YES,0.0,False
29,1,RSNA_22230,L-MLO,YES,0.0,False
29,1,RSNA_22230,R-MLO,YES,0.0,False
29,2,RSNA_22271,L-CC,YES,0.0,False
29,2,RSNA_22271,R-CC,YES,0.0,False
29,2,RSNA_22271,L-MLO,YES,0.0,False
29,2,RSNA_22271,R-MLO,YES,0.0,False
29,3,RSNA_22279,L-CC,YES,0.0,False
29,3,RSNA_22279,R-CC,YES,0.0,False
29,3,RSNA_22279,L-MLO,YES,0.0,False
29,3,RSNA_22279,R-MLO,YES,0.0,False
30,0,RSNA_22343,L-CC,YES,0.0,False
30,0,RSNA_22343,R-CC,YES,0.0,False
30,0,RSNA_22343,L-MLO,YES,0.0,False
30,0,RSNA_22343,R-MLO,YES,0.0,False
31,0,RSNA_22653,L-CC,YES,0.0,False
31,0,RSNA_22653,R-CC,YES,0.0,False
31,0,RSNA_22653,L-MLO,YES,0.0,False
31,0,RSNA_22653,R-MLO,YES,0.0,False
31,1,RSNA_22800,L-CC,YES,0.0,False
31,1,RSNA_22800,R-CC,YES,0.0,False
31,1,RSNA_22800,L-MLO,YES,0.0,False
31,1,RSNA_22800,R-MLO,YES,0.0,False
31,2,RSNA_22845,L-CC,YES,0.0,False
31,2,RSNA_22845,R-CC,YES,0.0,False
31,2,RSNA_22845,L-MLO,YES,0.0,False
31,2,RSNA_22845,R-MLO,YES,0.0,False
31,3,RSNA_22882,L-CC,YES,0.0,False
31,3,RSNA_22882,R-CC,YES,0.0,False
31,3,RSNA_22882,L-MLO,YES,0.0,False
31,3,RSNA_22882,R-MLO,YES,0.0,False
31,4,RSNA_22909,L-CC,YES,0.0,False
31,4,RSNA_22909,R-CC,YES,0.0,False
31,4,RSNA_22909,L-MLO,YES,0.0,False
31,4,RSNA_22909,R-MLO,YES,0.0,False
32,0,RSNA_23035,L-CC,YES,0.0,False
32,0,RSNA_23035,R-CC,YES,0.0,False
32,0,RSNA_23035,L-MLO,YES,0.0,False
32,0,RSNA_23035,R-MLO,YES,0.0,False
32,1,RSNA_23194,L-CC,YES,0.0,False
32,1,RSNA_23194,R-CC,YES,0.0,False
32,1,RSNA_23194,L-MLO,YES,0.0,False
32,1,RSNA_23194,R-MLO,YES,0.0,False
33,0,RSNA_23449,L-CC,YES,0.0,False
33,0,RSNA_23449,R-CC,YES,0.0,False
33,0,RSNA_23449,L-MLO,YES,0.0,False
33,0,RSNA_23449,R-MLO,YES,0.0,False
33,1,RSNA_23604,L-CC,YES,0.0,False
33,1,RSNA_23604,R-CC,YES,0.0,False
33,1,RSNA_23604,L-MLO,YES,0.0,False
33,1,RSNA_23604,R-MLO,YES,0.0,False
34,0,RSNA_23933,L-CC,YES,0.0,False
34,0,RSNA_23933,R-CC,YES,0.0,False
34,0,RSNA_23933,L-MLO,YES,0.0,False
34,0,RSNA_23933,R-MLO,YES,0.0,False
34,1,RSNA_24141,L-CC,YES,0.0,False
34,1,RSNA_24141,R-CC,YES,0.0,False
34,1,RSNA_24141,L-MLO,YES,0.0,False
34,1,RSNA_24141,R-MLO,YES,0.0,False
34,2,RSNA_24243,L-CC,YES,0.0,False
34,2,RSNA_24243,R-CC,YES,0.0,False
34,2,RSNA_24243,L-MLO,YES,0.0,False
34,2,RSNA_24243,R-MLO,YES,0.0,False
35,0,RSNA_24347,L-CC,YES,0.0,False
35,0,RSNA_24347,R-CC,YES,0.0,False
35,0,RSNA_24347,L-MLO,YES,0.0,False
35,0,RSNA_24347,R-MLO,YES,0.0,False
35,1,RSNA_2446,L-CC,YES,0.0,False
35,1,RSNA_2446,R-CC,YES,0.0,False
35,1,RSNA_2446,L-MLO,YES,0.0,False
35,1,RSNA_2446,R-MLO,YES,0.0,False
35,2,RSNA_2457,L-CC,YES,0.0,False
35,2,RSNA_2457,R-CC,YES,0.0,False
35,2,RSNA_2457,L-MLO,YES,0.0,False
35,2,RSNA_2457,R-MLO,YES,0.0,False
35,3,RSNA_24605,L-CC,YES,0.0,False
35,3,RSNA_24605,R-CC,YES,0.0,False
35,3,RSNA_24605,L-MLO,YES,0.0,False
35,3,RSNA_24605,R-MLO,YES,0.0,False
35,4,RSNA_24613,L-CC,YES,0.0,False
35,4,RSNA_24613,R-CC,YES,0.0,False
35,4,RSNA_24613,L-MLO,YES,0.0,False
35,4,RSNA_24613,R-MLO,YES,0.0,False
35,5,RSNA_24643,L-CC,YES,0.0,False
35,5,RSNA_24643,R-CC,YES,0.0,False
35,5,RSNA_24643,L-MLO,YES,0.0,False
35,5,RSNA_24643,R-MLO,YES,0.0,False
36,0,RSNA_24760,L-CC,YES,0.0,False
36,0,RSNA_24760,R-CC,YES,0.0,False
36,0,RSNA_24760,L-MLO,YES,0.0,False
36,0,RSNA_24760,R-MLO,YES,0.0,False
36,1,RSNA_24803,L-CC,YES,0.0,False
36,1,RSNA_24803,R-CC,YES,0.0,False
36,1,RSNA_24803,L-MLO,YES,0.0,False
36,1,RSNA_24803,R-MLO,YES,0.0,False
37,0,RSNA_2509,L-CC,YES,0.0,False
37,0,RSNA_2509,R-CC,YES,0.0,False
37,0,RSNA_2509,L-MLO,YES,0.0,False
37,0,RSNA_2509,R-MLO,YES,0.0,False
37,1,RSNA_25101,L-CC,YES,0.0,False
37,1,RSNA_25101,R-CC,YES,0.0,False
37,1,RSNA_25101,L-MLO,YES,0.0,False
37,1,RSNA_25101,R-MLO,YES,0.0,False
37,2,RSNA_2514,L-CC,YES,0.0,False
37,2,RSNA_2514,R-CC,YES,0.0,False
37,2,RSNA_2514,L-MLO,YES,0.0,False
37,2,RSNA_2514,R-MLO,YES,0.0,False
38,0,RSNA_25500,L-CC,YES,0.0,False
38,0,RSNA_25500,R-CC,YES,0.0,False
38,0,RSNA_25500,L-MLO,YES,0.0,False
38,0,RSNA_25500,R-MLO,YES,0.0,False
38,1,RSNA_25582,L-CC,YES,0.0,False
38,1,RSNA_25582,R-CC,YES,0.0,False
38,1,RSNA_25582,L-MLO,YES,0.0,False
38,1,RSNA_25582,R-MLO,YES,0.0,False
38,2,RSNA_25605,L-CC,YES,0.0,False
38,2,RSNA_25605,R-CC,YES,0.0,False
38,2,RSNA_25605,L-MLO,YES,0.0,False
38,2,RSNA_25605,R-MLO,YES,0.0,False
39,0,RSNA_25763,L-CC,YES,0.0,False
39,0,RSNA_25763,R-CC,YES,0.0,False
39,0,RSNA_25763,L-MLO,YES,0.0,False
39,0,RSNA_25763,R-MLO,YES,0.0,False
39,1,RSNA_26102,L-CC,YES,0.0,False
39,1,RSNA_26102,R-CC,YES,0.0,False
39,1,RSNA_26102,L-MLO,YES,0.0,False
39,1,RSNA_26102,R-MLO,YES,0.0,False
40,0,RSNA_26206,L-CC,YES,0.0,False
40,0,RSNA_26206,R-CC,YES,0.0,False
40,0,RSNA_26206,L-MLO,YES,0.0,False
40,0,RSNA_26206,R-MLO,YES,0.0,False
40,1,RSNA_26292,L-CC,YES,0.0,False
40,1,RSNA_26292,R-CC,YES,0.0,False
40,1,RSNA_26292,L-MLO,YES,0.0,False
40,1,RSNA_26292,R-MLO,YES,0.0,False
40,2,RSNA_26390,L-CC,YES,0.0,False
40,2,RSNA_26390,R-CC,YES,0.0,False
40,2,RSNA_26390,L-MLO,YES,0.0,False
40,2,RSNA_26390,R-MLO,YES,0.0,False
41,0,RSNA_26588,L-CC,YES,0.0,False
41,0,RSNA_26588,R-CC,YES,0.0,False
41,0,RSNA_26588,L-MLO,YES,0.0,False
41,0,RSNA_26588,R-MLO,YES,0.0,False
41,1,RSNA_26593,L-CC,YES,0.0,False
41,1,RSNA_26593,R-CC,YES,0.0,False
41,1,RSNA_26593,L-MLO,YES,0.0,False
41,1,RSNA_26593,R-MLO,YES,0.0,False
41,2,RSNA_26602,L-CC,YES,0.0,False
41,2,RSNA_26602,R-CC,YES,0.0,False
41,2,RSNA_26602,L-MLO,YES,0.0,False
41,2,RSNA_26602,R-MLO,YES,0.0,False
41,3,RSNA_26754,L-CC,YES,0.0,False
41,3,RSNA_26754,R-CC,YES,0.0,False
41,3,RSNA_26754,L-MLO,YES,0.0,False
41,3,RSNA_26754,R-MLO,YES,0.0,False
41,4,RSNA_2676,L-CC,YES,0.0,False
41,4,RSNA_2676,R-CC,YES,0.0,False
41,4,RSNA_2676,L-MLO,YES,0.0,False
41,4,RSNA_2676,R-MLO,YES,0.0,False
42,0,RSNA_26869,L-CC,YES,0.0,False
42,0,RSNA_26869,R-CC,YES,0.0,False
42,0,RSNA_26869,L-MLO,YES,0.0,False
42,0,RSNA_26869,R-MLO,YES,0.0,False
42,1,RSNA_26872,L-CC,YES,0.0,False
42,1,RSNA_26872,R-CC,YES,0.0,False
42,1,RSNA_26872,L-MLO,YES,0.0,False
42,1,RSNA_26872,R-MLO,YES,0.0,False
42,2,RSNA_26876,L-CC,YES,0.0,False
42,2,RSNA_26876,R-CC,YES,0.0,False
42,2,RSNA_26876,L-MLO,YES,0.0,False
42,2,RSNA_26876,R-MLO,YES,0.0,False
42,3,RSNA_27164,L-CC,YES,0.0,False
42,3,RSNA_27164,R-CC,YES,0.0,False
42,3,RSNA_27164,L-MLO,YES,0.0,False
42,3,RSNA_27164,R-MLO,YES,0.0,False
42,4,RSNA_27259,L-CC,YES,0.0,False
42,4,RSNA_27259,R-CC,YES,0.0,False
42,4,RSNA_27259,L-MLO,YES,0.0,False
42,4,RSNA_27259,R-MLO,YES,0.0,False
43,0,RSNA_27275,L-CC,YES,0.0,False
43,0,RSNA_27275,R-CC,YES,0.0,False
43,0,RSNA_27275,L-MLO,YES,0.0,False
43,0,RSNA_27275,R-MLO,YES,0.0,False
43,1,RSNA_27344,L-CC,YES,0.0,False
43,1,RSNA_27344,R-CC,YES,0.0,False
43,1,RSNA_27344,L-MLO,YES,0.0,False
43,1,RSNA_27344,R-MLO,YES,0.0,False
43,2,RSNA_27398,L-CC,YES,0.0,False
43,2,RSNA_27398,R-CC,YES,0.0,False
43,2,RSNA_27398,L-MLO,YES,0.0,False
43,2,RSNA_27398,R-MLO,YES,0.0,False
44,0,RSNA_27827,L-CC,YES,0.0,False
44,0,RSNA_27827,R-CC,YES,0.0,False
44,0,RSNA_27827,L-MLO,YES,0.0,False
44,0,RSNA_27827,R-MLO,YES,0.0,False
44,1,RSNA_27903,L-CC,YES,0.0,False
44,1,RSNA_27903,R-CC,YES,0.0,False
44,1,RSNA_27903,L-MLO,YES,0.0,False
44,1,RSNA_27903,R-MLO,YES,0.0,False
44,2,RSNA_27928,L-CC,YES,0.0,False
44,2,RSNA_27928,R-CC,YES,0.0,False
44,2,RSNA_27928,L-MLO,YES,0.0,False
44,2,RSNA_27928,R-MLO,YES,0.0,False
45,0,RSNA_28121,L-CC,YES,0.0,False
45,0,RSNA_28121,R-CC,YES,0.0,False
45,0,RSNA_28121,L-MLO,YES,0.0,False
45,0,RSNA_28121,R-MLO,YES,0.0,False
45,1,RSNA_28275,L-CC,YES,0.0,False
45,1,RSNA_28275,R-CC,YES,0.0,False
45,1,RSNA_28275,L-MLO,YES,0.0,False
45,1,RSNA_28275,R-MLO,YES,0.0,False
45,2,RSNA_28416,L-CC,YES,0.0,False
45,2,RSNA_28416,R-CC,YES,0.0,False
45,2,RSNA_28416,L-MLO,YES,0.0,False
45,2,RSNA_28416,R-MLO,YES,0.0,False
46,0,RSNA_28661,L-CC,YES,0.0,False
46,0,RSNA_28661,R-CC,YES,0.0,False
46,0,RSNA_28661,L-MLO,YES,0.0,False
46,0,RSNA_28661,R-MLO,YES,0.0,False
46,1,RSNA_28785,L-CC,YES,0.0,False
46,1,RSNA_28785,R-CC,YES,0.0,False
46,1,RSNA_28785,L-MLO,YES,0.0,False
46,1,RSNA_28785,R-MLO,YES,0.0,False
46,2,RSNA_28817,L-CC,YES,0.0,False
46,2,RSNA_28817,R-CC,YES,0.0,False
46,2,RSNA_28817,L-MLO,YES,0.0,False
46,2,RSNA_28817,R-MLO,YES,0.0,False
47,0,RSNA_28925,L-CC,YES,0.0,False
47,0,RSNA_28925,R-CC,YES,0.0,False
47,0,RSNA_28925,L-MLO,YES,0.0,False
47,0,RSNA_28925,R-MLO,YES,0.0,False
47,1,RSNA_29076,L-CC,YES,0.0,False
47,1,RSNA_29076,R-CC,YES,0.0,False
47,1,RSNA_29076,L-MLO,YES,0.0,False
47,1,RSNA_29076,R-MLO,YES,0.0,False
47,2,RSNA_29192,L-CC,YES,0.0,False
47,2,RSNA_29192,R-CC,YES,0.0,False
47,2,RSNA_29192,L-MLO,YES,0.0,False
47,2,RSNA_29192,R-MLO,YES,0.0,False
48,0,RSNA_29454,L-CC,YES,0.0,False
48,0,RSNA_29454,R-CC,YES,0.0,False
48,0,RSNA_29454,L-MLO,YES,0.0,False
48,0,RSNA_29454,R-MLO,YES,0.0,False
48,1,RSNA_29526,L-CC,YES,0.0,False
48,1,RSNA_29526,R-CC,YES,0.0,False
48,1,RSNA_29526,L-MLO,YES,0.0,False
48,1,RSNA_29526,R-MLO,YES,0.0,False
49,0,RSNA_30033,L-CC,YES,0.0,False
49,0,RSNA_30033,R-CC,YES,0.0,False
49,0,RSNA_30033,L-MLO,YES,0.0,False
49,0,RSNA_30033,R-MLO,YES,0.0,False
49,1,RSNA_30052,L-CC,YES,0.0,False
49,1,RSNA_30052,R-CC,YES,0.0,False
49,1,RSNA_30052,L-MLO,YES,0.0,False
49,1,RSNA_30052,R-MLO,YES,0.0,False
50,0,RSNA_30324,L-CC,YES,0.0,False
50,0,RSNA_30324,R-CC,YES,0.0,False
50,0,RSNA_30324,L-MLO,YES,0.0,False
50,0,RSNA_30324,R-MLO,YES,0.0,False
50,1,RSNA_30512,L-CC,YES,0.0,False
50,1,RSNA_30512,R-CC,YES,0.0,False
50,1,RSNA_30512,L-MLO,YES,0.0,False
50,1,RSNA_30512,R-MLO,YES,0.0,False
51,0,RSNA_3064,L-CC,YES,0.0,False
51,0,RSNA_3064,R-CC,YES,0.0,False
51,0,RSNA_3064,L-MLO,YES,0.0,False
51,0,RSNA_3064,R-MLO,YES,0.0,False
51,1,RSNA_30855,L-CC,YES,0.0,False
51,1,RSNA_30855,R-CC,YES,0.0,False
51,1,RSNA_30855,L-MLO,YES,0.0,False
51,1,RSNA_30855,R-MLO,YES,0.0,False
51,2,RSNA_30896,L-CC,YES,0.0,False
51,2,RSNA_30896,R-CC,YES,0.0,False
51,2,RSNA_30896,L-MLO,YES,0.0,False
51,2,RSNA_30896,R-MLO,YES,0.0,False
51,3,RSNA_31023,L-CC,YES,0.0,False
51,3,RSNA_31023,R-CC,YES,0.0,False
51,3,RSNA_31023,L-MLO,YES,0.0,False
51,3,RSNA_31023,R-MLO,YES,0.0,False
52,0,RSNA_31130,L-CC,YES,0.0,False
52,0,RSNA_31130,R-CC,YES,0.0,False
52,0,RSNA_31130,L-MLO,YES,0.0,False
52,0,RSNA_31130,R-MLO,YES,0.0,False
53,0,RSNA_31778,L-CC,YES,0.0,False
53,0,RSNA_31778,R-CC,YES,0.0,False
53,0,RSNA_31778,L-MLO,YES,0.0,False
53,0,RSNA_31778,R-MLO,YES,0.0,False
53,1,RSNA_31810,L-CC,YES,0.0,False
53,1,RSNA_31810,R-CC,YES,0.0,False
53,1,RSNA_31810,L-MLO,YES,0.0,False
53,1,RSNA_31810,R-MLO,YES,0.0,False
53,2,RSNA_31837,L-CC,YES,0.0,False
53,2,RSNA_31837,R-CC,YES,0.0,False
53,2,RSNA_31837,L-MLO,YES,0.0,False
53,2,RSNA_31837,R-MLO,YES,0.0,False
54,0,RSNA_31988,L-CC,YES,0.0,False
54,0,RSNA_31988,R-CC,YES,0.0,False
54,0,RSNA_31988,L-MLO,YES,0.0,False
54,0,RSNA_31988,R-MLO,YES,0.0,False
54,1,RSNA_32073,L-CC,YES,0.0,False
54,1,RSNA_32073,R-CC,YES,0.0,False
54,1,RSNA_32073,L-MLO,YES,0.0,False
54,1,RSNA_32073,R-MLO,YES,0.0,False
54,2,RSNA_32151,L-CC,YES,0.0,False
54,2,RSNA_32151,R-CC,YES,0.0,False
54,2,RSNA_32151,L-MLO,YES,0.0,False
54,2,RSNA_32151,R-MLO,YES,0.0,False
54,3,RSNA_32314,L-CC,YES,0.0,False
54,3,RSNA_32314,R-CC,YES,0.0,False
54,3,RSNA_32314,L-MLO,YES,0.0,False
54,3,RSNA_32314,R-MLO,YES,0.0,False
55,0,RSNA_32362,L-CC,YES,0.0,False
55,0,RSNA_32362,R-CC,YES,0.0,False
55,0,RSNA_32362,L-MLO,YES,0.0,False
55,0,RSNA_32362,R-MLO,YES,0.0,False
55,1,RSNA_32523,L-CC,YES,0.0,False
55,1,RSNA_32523,R-CC,YES,0.0,False
55,1,RSNA_32523,L-MLO,YES,0.0,False
55,1,RSNA_32523,R-MLO,YES,0.0,False
55,2,RSNA_3255,L-CC,YES,0.0,False
55,2,RSNA_3255,R-CC,YES,0.0,False
55,2,RSNA_3255,L-MLO,YES,0.0,False
55,2,RSNA_3255,R-MLO,YES,0.0,False
55,3,RSNA_32647,L-CC,YES,0.0,False
55,3,RSNA_32647,R-CC,YES,0.0,False
55,3,RSNA_32647,L-MLO,YES,0.0,False
55,3,RSNA_32647,R-MLO,YES,0.0,False
56,0,RSNA_32704,L-CC,YES,0.0,False
56,0,RSNA_32704,R-CC,YES,0.0,False
56,0,RSNA_32704,L-MLO,YES,0.0,False
56,0,RSNA_32704,R-MLO,YES,0.0,False
56,1,RSNA_32723,L-CC,YES,0.0,False
56,1,RSNA_32723,R-CC,YES,0.0,False
56,1,RSNA_32723,L-MLO,YES,0.0,False
56,1,RSNA_32723,R-MLO,YES,0.0,False
56,2,RSNA_32947,L-CC,YES,0.0,False
56,2,RSNA_32947,R-CC,YES,0.0,False
56,2,RSNA_32947,L-MLO,YES,0.0,False
56,2,RSNA_32947,R-MLO,YES,0.0,False
56,3,RSNA_33044,L-CC,YES,0.0,False
56,3,RSNA_33044,R-CC,YES,0.0,False
56,3,RSNA_33044,L-MLO,YES,0.0,False
56,3,RSNA_33044,R-MLO,YES,0.0,False
56,4,RSNA_33088,L-CC,YES,0.0,False
56,4,RSNA_33088,R-CC,YES,0.0,False
56,4,RSNA_33088,L-MLO,YES,0.0,False
56,4,RSNA_33088,R-MLO,YES,0.0,False
57,0,RSNA_33117,L-CC,YES,0.0,False
57,0,RSNA_33117,R-CC,YES,0.0,False
57,0,RSNA_33117,L-MLO,YES,0.0,False
57,0,RSNA_33117,R-MLO,YES,0.0,False
57,1,RSNA_33301,L-CC,YES,0.0,False
57,1,RSNA_33301,R-CC,YES,0.0,False
57,1,RSNA_33301,L-MLO,YES,0.0,False
57,1,RSNA_33301,R-MLO,YES,0.0,False
57,2,RSNA_33426,L-CC,YES,0.0,False
57,2,RSNA_33426,R-CC,YES,0.0,False
57,2,RSNA_33426,L-MLO,YES,0.0,False
57,2,RSNA_33426,R-MLO,YES,0.0,False
58,0,RSNA_33508,L-CC,YES,0.0,False
58,0,RSNA_33508,R-CC,YES,0.0,False
58,0,RSNA_33508,L-MLO,YES,0.0,False
58,0,RSNA_33508,R-MLO,YES,0.0,False
58,1,RSNA_33719,L-CC,YES,0.0,False
58,1,RSNA_33719,R-CC,YES,0.0,False
58,1,RSNA_33719,L-MLO,YES,0.0,False
58,1,RSNA_33719,R-MLO,YES,0.0,False
58,2,RSNA_33843,L-CC,YES,0.0,False
58,2,RSNA_33843,R-CC,YES,0.0,False
58,2,RSNA_33843,L-MLO,YES,0.0,False
58,2,RSNA_33843,R-MLO,YES,0.0,False
59,0,RSNA_33961,L-CC,YES,0.0,False
59,0,RSNA_33961,R-CC,YES,0.0,False
59,0,RSNA_33961,L-MLO,YES,0.0,False
59,0,RSNA_33961,R-MLO,YES,0.0,False
59,1,RSNA_34028,L-CC,YES,0.0,False
59,1,RSNA_34028,R-CC,YES,0.0,False
59,1,RSNA_34028,L-MLO,YES,0.0,False
59,1,RSNA_34028,R-MLO,YES,0.0,False
59,2,RSNA_34178,L-CC,YES,0.0,False
59,2,RSNA_34178,R-CC,YES,0.0,False
59,2,RSNA_34178,L-MLO,YES,0.0,False
59,2,RSNA_34178,R-MLO,YES,0.0,False
59,3,RSNA_34225,L-CC,YES,0.0,False
59,3,RSNA_34225,R-CC,YES,0.0,False
59,3,RSNA_34225,L-MLO,YES,0.0,False
59,3,RSNA_34225,R-MLO,YES,0.0,False
60,0,RSNA_34279,L-CC,YES,0.0,False
60,0,RSNA_34279,R-CC,YES,0.0,False
60,0,RSNA_34279,L-MLO,YES,0.0,False
60,0,RSNA_34279,R-MLO,YES,0.0,False
60,1,RSNA_3434,L-CC,YES,0.0,False
60,1,RSNA_3434,R-CC,YES,0.0,False
60,1,RSNA_3434,L-MLO,YES,0.0,False
60,1,RSNA_3434,R-MLO,YES,0.0,False
60,2,RSNA_34428,L-CC,YES,0.0,False
60,2,RSNA_34428,R-CC,YES,0.0,False
60,2,RSNA_34428,L-MLO,YES,0.0,False
60,2,RSNA_34428,R-MLO,YES,0.0,False
60,3,RSNA_34534,L-CC,YES,0.0,False
60,3,RSNA_34534,R-CC,YES,0.0,False
60,3,RSNA_34534,L-MLO,YES,0.0,False
60,3,RSNA_34534,R-MLO,YES,0.0,False
60,4,RSNA_34667,L-CC,YES,0.0,False
60,4,RSNA_34667,R-CC,YES,0.0,False
60,4,RSNA_34667,L-MLO,YES,0.0,False
60,4,RSNA_34667,R-MLO,YES,0.0,False
60,5,RSNA_34708,L-CC,YES,0.0,False
60,5,RSNA_34708,R-CC,YES,0.0,False
60,5,RSNA_34708,L-MLO,YES,0.0,False
60,5,RSNA_34708,R-MLO,YES,0.0,False
61,0,RSNA_34824,L-CC,YES,0.0,False
61,0,RSNA_34824,R-CC,YES,0.0,False
61,0,RSNA_34824,L-MLO,YES,0.0,False
61,0,RSNA_34824,R-MLO,YES,0.0,False
61,1,RSNA_35014,L-CC,YES,0.0,False
61,1,RSNA_35014,R-CC,YES,0.0,False
61,1,RSNA_35014,L-MLO,YES,0.0,False
61,1,RSNA_35014,R-MLO,YES,0.0,False
61,2,RSNA_35177,L-CC,YES,0.0,False
61,2,RSNA_35177,R-CC,YES,0.0,False
61,2,RSNA_35177,L-MLO,YES,0.0,False
61,2,RSNA_35177,R-MLO,YES,0.0,False
61,3,RSNA_35180,L-CC,YES,0.0,False
61,3,RSNA_35180,R-CC,YES,0.0,False
61,3,RSNA_35180,L-MLO,YES,0.0,False
61,3,RSNA_35180,R-MLO,YES,0.0,False
62,0,RSNA_35361,L-CC,YES,0.0,False
62,0,RSNA_35361,R-CC,YES,0.0,False
62,0,RSNA_35361,L-MLO,YES,0.0,False
62,0,RSNA_35361,R-MLO,YES,0.0,False
62,1,RSNA_35368,L-CC,YES,0.0,False
62,1,RSNA_35368,R-CC,YES,0.0,False
62,1,RSNA_35368,L-MLO,YES,0.0,False
62,1,RSNA_35368,R-MLO,YES,0.0,False
62,2,RSNA_35370,L-CC,YES,0.0,False
62,2,RSNA_35370,R-CC,YES,0.0,False
62,2,RSNA_35370,L-MLO,YES,0.0,False
62,2,RSNA_35370,R-MLO,YES,0.0,False
62,3,RSNA_35520,L-CC,YES,0.0,False
62,3,RSNA_35520,R-CC,YES,0.0,False
62,3,RSNA_35520,L-MLO,YES,0.0,False
62,3,RSNA_35520,R-MLO,YES,0.0,False
62,4,RSNA_35693,L-CC,YES,0.0,False
62,4,RSNA_35693,R-CC,YES,0.0,False
62,4,RSNA_35693,L-MLO,YES,0.0,False
62,4,RSNA_35693,R-MLO,YES,0.0,False
63,0,RSNA_35927,L-CC,YES,0.0,False
63,0,RSNA_35927,R-CC,YES,0.0,False
63,0,RSNA_35927,L-MLO,YES,0.0,False
63,0,RSNA_35927,R-MLO,YES,0.0,False
63,1,RSNA_35997,L-CC,YES,0.0,False
63,1,RSNA_35997,R-CC,YES,0.0,False
63,1,RSNA_35997,L-MLO,YES,0.0,False
63,1,RSNA_35997,R-MLO,YES,0.0,False
63,2,RSNA_36077,L-CC,YES,0.0,False
63,2,RSNA_36077,R-CC,YES,0.0,False
63,2,RSNA_36077,L-MLO,YES,0.0,False
63,2,RSNA_36077,R-MLO,YES,0.0,False
64,0,RSNA_3625,L-CC,YES,0.0,False
64,0,RSNA_3625,R-CC,YES,0.0,False
64,0,RSNA_3625,L-MLO,YES,0.0,False
64,0,RSNA_3625,R-MLO,YES,0.0,False
64,1,RSNA_36254,L-CC,YES,0.0,False
64,1,RSNA_36254,R-CC,YES,0.0,False
64,1,RSNA_36254,L-MLO,YES,0.0,False
64,1,RSNA_36254,R-MLO,YES,0.0,False
64,2,RSNA_36310,L-CC,YES,0.0,False
64,2,RSNA_36310,R-CC,YES,0.0,False
64,2,RSNA_36310,L-MLO,YES,0.0,False
64,2,RSNA_36310,R-MLO,YES,0.0,False
64,3,RSNA_36516,L-CC,YES,0.0,False
64,3,RSNA_36516,R-CC,YES,0.0,False
64,3,RSNA_36516,L-MLO,YES,0.0,False
64,3,RSNA_36516,R-MLO,YES,0.0,False
65,0,RSNA_36769,L-CC,YES,0.0,False
65,0,RSNA_36769,R-CC,YES,0.0,False
65,0,RSNA_36769,L-MLO,YES,0.0,False
65,0,RSNA_36769,R-MLO,YES,0.0,False
66,0,RSNA_37051,L-CC,YES,0.0,False
66,0,RSNA_37051,R-CC,YES,0.0,False
66,0,RSNA_37051,L-MLO,YES,0.0,False
66,0,RSNA_37051,R-MLO,YES,0.0,False
66,1,RSNA_37243,L-CC,YES,0.0,False
66,1,RSNA_37243,R-CC,YES,0.0,False
66,1,RSNA_37243,L-MLO,YES,0.0,False
66,1,RSNA_37243,R-MLO,YES,0.0,False
66,2,RSNA_37273,L-CC,YES,0.0,False
66,2,RSNA_37273,R-CC,YES,0.0,False
66,2,RSNA_37273,L-MLO,YES,0.0,False
66,2,RSNA_37273,R-MLO,YES,0.0,False
66,3,RSNA_37369,L-CC,YES,0.0,False
66,3,RSNA_37369,R-CC,YES,0.0,False
66,3,RSNA_37369,L-MLO,YES,0.0,False
66,3,RSNA_37369,R-MLO,YES,0.0,False
67,0,RSNA_37416,L-CC,YES,0.0,False
67,0,RSNA_37416,R-CC,YES,0.0,False
67,0,RSNA_37416,L-MLO,YES,0.0,False
67,0,RSNA_37416,R-MLO,YES,0.0,False
67,1,RSNA_37458,L-CC,YES,0.0,False
67,1,RSNA_37458,R-CC,YES,0.0,False
67,1,RSNA_37458,L-MLO,YES,0.0,False
67,1,RSNA_37458,R-MLO,YES,0.0,False
67,2,RSNA_37484,L-CC,YES,0.0,False
67,2,RSNA_37484,R-CC,YES,0.0,False
67,2,RSNA_37484,L-MLO,YES,0.0,False
67,2,RSNA_37484,R-MLO,YES,0.0,False
67,3,RSNA_37721,L-CC,YES,0.0,False
67,3,RSNA_37721,R-CC,YES,0.0,False
67,3,RSNA_37721,L-MLO,YES,0.0,False
67,3,RSNA_37721,R-MLO,YES,0.0,False
67,4,RSNA_37808,L-CC,YES,0.0,False
67,4,RSNA_37808,R-CC,YES,0.0,False
67,4,RSNA_37808,L-MLO,YES,0.0,False
67,4,RSNA_37808,R-MLO,YES,0.0,False
67,5,RSNA_37836,L-CC,YES,0.0,False
67,5,RSNA_37836,R-CC,YES,0.0,False
67,5,RSNA_37836,L-MLO,YES,0.0,False
67,5,RSNA_37836,R-MLO,YES,0.0,False
67,6,RSNA_37931,L-CC,YES,0.0,False
67,6,RSNA_37931,R-CC,YES,0.0,False
67,6,RSNA_37931,L-MLO,YES,0.0,False
67,6,RSNA_37931,R-MLO,YES,0.0,False
68,0,RSNA_38139,L-CC,YES,0.0,False
68,0,RSNA_38139,R-CC,YES,0.0,False
68,0,RSNA_38139,L-MLO,YES,0.0,False
68,0,RSNA_38139,R-MLO,YES,0.0,False
68,1,RSNA_38342,L-CC,YES,0.0,False
68,1,RSNA_38342,R-CC,YES,0.0,False
68,1,RSNA_38342,L-MLO,YES,0.0,False
68,1,RSNA_38342,R-MLO,YES,0.0,False
68,2,RSNA_38427,L-CC,YES,0.0,False
68,2,RSNA_38427,R-CC,YES,0.0,False
68,2,RSNA_38427,L-MLO,YES,0.0,False
68,2,RSNA_38427,R-MLO,YES,0.0,False
69,0,RSNA_38535,L-CC,YES,0.0,False
69,0,RSNA_38535,R-CC,YES,0.0,False
69,0,RSNA_38535,L-MLO,YES,0.0,False
69,0,RSNA_38535,R-MLO,YES,0.0,False
69,1,RSNA_38571,L-CC,YES,0.0,False
69,1,RSNA_38571,R-CC,YES,0.0,False
69,1,RSNA_38571,L-MLO,YES,0.0,False
69,1,RSNA_38571,R-MLO,YES,0.0,False
69,2,RSNA_38647,L-CC,YES,0.0,False
69,2,RSNA_38647,R-CC,YES,0.0,False
69,2,RSNA_38647,L-MLO,YES,0.0,False
69,2,RSNA_38647,R-MLO,YES,0.0,False
69,3,RSNA_38669,L-CC,YES,0.0,False
69,3,RSNA_38669,R-CC,YES,0.0,False
69,3,RSNA_38669,L-MLO,YES,0.0,False
69,3,RSNA_38669,R-MLO,YES,0.0,False
70,0,RSNA_38848,L-CC,YES,0.0,False
70,0,RSNA_38848,R-CC,YES,0.0,False
70,0,RSNA_38848,L-MLO,YES,0.0,False
70,0,RSNA_38848,R-MLO,YES,0.0,False
70,1,RSNA_38976,L-CC,YES,0.0,False
70,1,RSNA_38976,R-CC,YES,0.0,False
70,1,RSNA_38976,L-MLO,YES,0.0,False
70,1,RSNA_38976,R-MLO,YES,0.0,False
70,2,RSNA_39037,L-CC,YES,0.0,False
70,2,RSNA_39037,R-CC,YES,0.0,False
70,2,RSNA_39037,L-MLO,YES,0.0,False
70,2,RSNA_39037,R-MLO,YES,0.0,False
71,0,RSNA_39209,L-CC,YES,0.0,False
71,0,RSNA_39209,R-CC,YES,0.0,False
71,0,RSNA_39209,L-MLO,YES,0.0,False
71,0,RSNA_39209,R-MLO,YES,0.0,False
71,1,RSNA_3921,L-CC,YES,0.0,False
71,1,RSNA_3921,R-CC,YES,0.0,False
71,1,RSNA_3921,L-MLO,YES,0.0,False
71,1,RSNA_3921,R-MLO,YES,0.0,False
71,2,RSNA_39401,L-CC,YES,0.0,False
71,2,RSNA_39401,R-CC,YES,0.0,False
71,2,RSNA_39401,L-MLO,YES,0.0,False
71,2,RSNA_39401,R-MLO,YES,0.0,False
72,0,RSNA_39672,L-CC,YES,0.0,False
72,0,RSNA_39672,R-CC,YES,0.0,False
72,0,RSNA_39672,L-MLO,YES,0.0,False
72,0,RSNA_39672,R-MLO,YES,0.0,False
72,1,RSNA_39702,L-CC,YES,0.0,False
72,1,RSNA_39702,R-CC,YES,0.0,False
72,1,RSNA_39702,L-MLO,YES,0.0,False
72,1,RSNA_39702,R-MLO,YES,0.0,False
72,2,RSNA_39896,L-CC,YES,0.0,False
72,2,RSNA_39896,R-CC,YES,0.0,False
72,2,RSNA_39896,L-MLO,YES,0.0,False
72,2,RSNA_39896,R-MLO,YES,0.0,False
72,3,RSNA_40143,L-CC,YES,0.0,False
72,3,RSNA_40143,R-CC,YES,0.0,False
72,3,RSNA_40143,L-MLO,YES,0.0,False
72,3,RSNA_40143,R-MLO,YES,0.0,False
73,0,RSNA_40239,L-CC,YES,0.0,False
73,0,RSNA_40239,R-CC,YES,0.0,False
73,0,RSNA_40239,L-MLO,YES,0.0,False
73,0,RSNA_40239,R-MLO,YES,0.0,False
73,1,RSNA_40397,L-CC,YES,0.0,False
73,1,RSNA_40397,R-CC,YES,0.0,False
73,1,RSNA_40397,L-MLO,YES,0.0,False
73,1,RSNA_40397,R-MLO,YES,0.0,False
73,2,RSNA_40411,L-CC,YES,0.0,False
73,2,RSNA_40411,R-CC,YES,0.0,False
73,2,RSNA_40411,L-MLO,YES,0.0,False
73,2,RSNA_40411,R-MLO,YES,0.0,False
73,3,RSNA_40437,L-CC,YES,0.0,False
73,3,RSNA_40437,R-CC,YES,0.0,False
73,3,RSNA_40437,L-MLO,YES,0.0,False
73,3,RSNA_40437,R-MLO,YES,0.0,False
74,0,RSNA_40513,L-CC,YES,0.0,False
74,0,RSNA_40513,R-CC,YES,0.0,False
74,0,RSNA_40513,L-MLO,YES,0.0,False
74,0,RSNA_40513,R-MLO,YES,0.0,False
74,1,RSNA_4052,L-CC,YES,0.0,False
74,1,RSNA_4052,R-CC,YES,0.0,False
74,1,RSNA_4052,L-MLO,YES,0.0,False
74,1,RSNA_4052,R-MLO,YES,0.0,False
74,2,RSNA_40699,L-CC,YES,0.0,False
74,2,RSNA_40699,R-CC,YES,0.0,False
74,2,RSNA_40699,L-MLO,YES,0.0,False
74,2,RSNA_40699,R-MLO,YES,0.0,False
74,3,RSNA_40789,L-CC,YES,0.0,False
74,3,RSNA_40789,R-CC,YES,0.0,False
74,3,RSNA_40789,L-MLO,YES,0.0,False
74,3,RSNA_40789,R-MLO,YES,0.0,False
74,4,RSNA_40917,L-CC,YES,0.0,False
74,4,RSNA_40917,R-CC,YES,0.0,False
74,4,RSNA_40917,L-MLO,YES,0.0,False
74,4,RSNA_40917,R-MLO,YES,0.0,False
74,5,RSNA_40995,L-CC,YES,0.0,False
74,5,RSNA_40995,R-CC,YES,0.0,False
74,5,RSNA_40995,L-MLO,YES,0.0,False
74,5,RSNA_40995,R-MLO,YES,0.0,False
75,0,RSNA_41058,L-CC,YES,0.0,False
75,0,RSNA_41058,R-CC,YES,0.0,False
75,0,RSNA_41058,L-MLO,YES,0.0,False
75,0,RSNA_41058,R-MLO,YES,0.0,False
75,1,RSNA_41069,L-CC,YES,0.0,False
75,1,RSNA_41069,R-CC,YES,0.0,False
75,1,RSNA_41069,L-MLO,YES,0.0,False
75,1,RSNA_41069,R-MLO,YES,0.0,False
76,0,RSNA_41716,L-CC,YES,0.0,False
76,0,RSNA_41716,R-CC,YES,0.0,False
76,0,RSNA_41716,L-MLO,YES,0.0,False
76,0,RSNA_41716,R-MLO,YES,0.0,False
76,1,RSNA_41771,L-CC,YES,0.0,False
76,1,RSNA_41771,R-CC,YES,0.0,False
76,1,RSNA_41771,L-MLO,YES,0.0,False
76,1,RSNA_41771,R-MLO,YES,0.0,False
77,0,RSNA_4202,L-CC,YES,0.0,False
77,0,RSNA_4202,R-CC,YES,0.0,False
77,0,RSNA_4202,L-MLO,YES,0.0,False
77,0,RSNA_4202,R-MLO,YES,0.0,False
77,1,RSNA_4206,L-CC,YES,0.0,False
77,1,RSNA_4206,R-CC,YES,0.0,False
77,1,RSNA_4206,L-MLO,YES,0.0,False
77,1,RSNA_4206,R-MLO,YES,0.0,False
77,2,RSNA_42074,L-CC,YES,0.0,False
77,2,RSNA_42074,R-CC,YES,0.0,False
77,2,RSNA_42074,L-MLO,YES,0.0,False
77,2,RSNA_42074,R-MLO,YES,0.0,False
77,3,RSNA_421,L-CC,YES,0.0,False
77,3,RSNA_421,R-CC,YES,0.0,False
77,3,RSNA_421,L-MLO,YES,0.0,False
77,3,RSNA_421,R-MLO,YES,0.0,False
77,4,RSNA_42132,L-CC,YES,0.0,False
77,4,RSNA_42132,R-CC,YES,0.0,False
77,4,RSNA_42132,L-MLO,YES,0.0,False
77,4,RSNA_42132,R-MLO,YES,0.0,False
77,5,RSNA_42151,L-CC,YES,0.0,False
77,5,RSNA_42151,R-CC,YES,0.0,False
77,5,RSNA_42151,L-MLO,YES,0.0,False
77,5,RSNA_42151,R-MLO,YES,0.0,False
78,0,RSNA_42245,L-CC,YES,0.0,False
78,0,RSNA_42245,R-CC,YES,0.0,False
78,0,RSNA_42245,L-MLO,YES,0.0,False
78,0,RSNA_42245,R-MLO,YES,0.0,False
78,1,RSNA_4244,L-CC,YES,0.0,False
78,1,RSNA_4244,R-CC,YES,0.0,False
78,1,RSNA_4244,L-MLO,YES,0.0,False
78,1,RSNA_4244,R-MLO,YES,0.0,False
78,2,RSNA_42461,L-CC,YES,0.0,False
78,2,RSNA_42461,R-CC,YES,0.0,False
78,2,RSNA_42461,L-MLO,YES,0.0,False
78,2,RSNA_42461,R-MLO,YES,0.0,False
78,3,RSNA_42600,L-CC,YES,0.0,False
78,3,RSNA_42600,R-CC,YES,0.0,False
78,3,RSNA_42600,L-MLO,YES,0.0,False
78,3,RSNA_42600,R-MLO,YES,0.0,False
79,0,RSNA_42619,L-CC,YES,0.0,False
79,0,RSNA_42619,R-CC,YES,0.0,False
79,0,RSNA_42619,L-MLO,YES,0.0,False
79,0,RSNA_42619,R-MLO,YES,0.0,False
79,1,RSNA_42716,L-CC,YES,0.0,False
79,1,RSNA_42716,R-CC,YES,0.0,False
79,1,RSNA_42716,L-MLO,YES,0.0,False
79,1,RSNA_42716,R-MLO,YES,0.0,False
79,2,RSNA_43004,L-CC,YES,0.0,False
79,2,RSNA_43004,R-CC,YES,0.0,False
79,2,RSNA_43004,L-MLO,YES,0.0,False
79,2,RSNA_43004,R-MLO,YES,0.0,False
80,0,RSNA_43100,L-CC,YES,0.0,False
80,0,RSNA_43100,R-CC,YES,0.0,False
80,0,RSNA_43100,L-MLO,YES,0.0,False
80,0,RSNA_43100,R-MLO,YES,0.0,False
80,1,RSNA_43227,L-CC,YES,0.0,False
80,1,RSNA_43227,R-CC,YES,0.0,False
80,1,RSNA_43227,L-MLO,YES,0.0,False
80,1,RSNA_43227,R-MLO,YES,0.0,False
80,2,RSNA_43265,L-CC,YES,0.0,False
80,2,RSNA_43265,R-CC,YES,0.0,False
80,2,RSNA_43265,L-MLO,YES,0.0,False
80,2,RSNA_43265,R-MLO,YES,0.0,False
80,3,RSNA_43291,L-CC,YES,0.0,False
80,3,RSNA_43291,R-CC,YES,0.0,False
80,3,RSNA_43291,L-MLO,YES,0.0,False
80,3,RSNA_43291,R-MLO,YES,0.0,False
80,4,RSNA_43306,L-CC,YES,0.0,False
80,4,RSNA_43306,R-CC,YES,0.0,False
80,4,RSNA_43306,L-MLO,YES,0.0,False
80,4,RSNA_43306,R-MLO,YES,0.0,False
80,5,RSNA_43377,L-CC,YES,0.0,False
80,5,RSNA_43377,R-CC,YES,0.0,False
80,5,RSNA_43377,L-MLO,YES,0.0,False
80,5,RSNA_43377,R-MLO,YES,0.0,False
81,0,RSNA_4353,L-CC,YES,0.0,False
81,0,RSNA_4353,R-CC,YES,0.0,False
81,0,RSNA_4353,L-MLO,YES,0.0,False
81,0,RSNA_4353,R-MLO,YES,0.0,False
81,1,RSNA_43618,L-CC,YES,0.0,False
81,1,RSNA_43618,R-CC,YES,0.0,False
81,1,RSNA_43618,L-MLO,YES,0.0,False
81,1,RSNA_43618,R-MLO,YES,0.0,False
81,2,RSNA_43621,L-CC,YES,0.0,False
81,2,RSNA_43621,R-CC,YES,0.0,False
81,2,RSNA_43621,L-MLO,YES,0.0,False
81,2,RSNA_43621,R-MLO,YES,0.0,False
81,3,RSNA_43742,L-CC,YES,0.0,False
81,3,RSNA_43742,R-CC,YES,0.0,False
81,3,RSNA_43742,L-MLO,YES,0.0,False
81,3,RSNA_43742,R-MLO,YES,0.0,False
82,0,RSNA_43950,L-CC,YES,0.0,False
82,0,RSNA_43950,R-CC,YES,0.0,False
82,0,RSNA_43950,L-MLO,YES,0.0,False
82,0,RSNA_43950,R-MLO,YES,0.0,False
82,1,RSNA_44112,L-CC,YES,0.0,False
82,1,RSNA_44112,R-CC,YES,0.0,False
82,1,RSNA_44112,L-MLO,YES,0.0,False
82,1,RSNA_44112,R-MLO,YES,0.0,False
82,2,RSNA_44121,L-CC,YES,0.0,False
82,2,RSNA_44121,R-CC,YES,0.0,False
82,2,RSNA_44121,L-MLO,YES,0.0,False
82,2,RSNA_44121,R-MLO,YES,0.0,False
82,3,RSNA_44136,L-CC,YES,0.0,False
82,3,RSNA_44136,R-CC,YES,0.0,False
82,3,RSNA_44136,L-MLO,YES,0.0,False
82,3,RSNA_44136,R-MLO,YES,0.0,False
83,0,RSNA_44224,L-CC,YES,0.0,False
83,0,RSNA_44224,R-CC,YES,0.0,False
83,0,RSNA_44224,L-MLO,YES,0.0,False
83,0,RSNA_44224,R-MLO,YES,0.0,False
83,1,RSNA_44516,L-CC,YES,0.0,False
83,1,RSNA_44516,R-CC,YES,0.0,False
83,1,RSNA_44516,L-MLO,YES,0.0,False
83,1,RSNA_44516,R-MLO,YES,0.0,False
84,0,RSNA_44990,L-CC,YES,0.0,False
84,0,RSNA_44990,R-CC,YES,0.0,False
84,0,RSNA_44990,L-MLO,YES,0.0,False
84,0,RSNA_44990,R-MLO,YES,0.0,False
85,0,RSNA_45193,L-CC,YES,0.0,False
85,0,RSNA_45193,R-CC,YES,0.0,False
85,0,RSNA_45193,L-MLO,YES,0.0,False
85,0,RSNA_45193,R-MLO,YES,0.0,False
85,1,RSNA_45305,L-CC,YES,0.0,False
85,1,RSNA_45305,R-CC,YES,0.0,False
85,1,RSNA_45305,L-MLO,YES,0.0,False
85,1,RSNA_45305,R-MLO,YES,0.0,False
86,0,RSNA_45571,L-CC,YES,0.0,False
86,0,RSNA_45571,R-CC,YES,0.0,False
86,0,RSNA_45571,L-MLO,YES,0.0,False
86,0,RSNA_45571,R-MLO,YES,0.0,False
86,1,RSNA_45583,L-CC,YES,0.0,False
86,1,RSNA_45583,R-CC,YES,0.0,False
86,1,RSNA_45583,L-MLO,YES,0.0,False
86,1,RSNA_45583,R-MLO,YES,0.0,False
86,2,RSNA_45666,L-CC,YES,0.0,False
86,2,RSNA_45666,R-CC,YES,0.0,False
86,2,RSNA_45666,L-MLO,YES,0.0,False
86,2,RSNA_45666,R-MLO,YES,0.0,False
86,3,RSNA_45768,L-CC,YES,0.0,False
86,3,RSNA_45768,R-CC,YES,0.0,False
86,3,RSNA_45768,L-MLO,YES,0.0,False
86,3,RSNA_45768,R-MLO,YES,0.0,False
86,4,RSNA_45945,L-CC,YES,0.0,False
86,4,RSNA_45945,R-CC,YES,0.0,False
86,4,RSNA_45945,L-MLO,YES,0.0,False
86,4,RSNA_45945,R-MLO,YES,0.0,False
86,5,RSNA_4599,L-CC,YES,0.0,False
86,5,RSNA_4599,R-CC,YES,0.0,False
86,5,RSNA_4599,L-MLO,YES,0.0,False
86,5,RSNA_4599,R-MLO,YES,0.0,False
87,0,RSNA_4610,L-CC,YES,0.0,False
87,0,RSNA_4610,R-CC,YES,0.0,False
87,0,RSNA_4610,L-MLO,YES,0.0,False
87,0,RSNA_4610,R-MLO,YES,0.0,False
87,1,RSNA_46225,L-CC,YES,0.0,False
87,1,RSNA_46225,R-CC,YES,0.0,False
87,1,RSNA_46225,L-MLO,YES,0.0,False
87,1,RSNA_46225,R-MLO,YES,0.0,False
87,2,RSNA_46344,L-CC,YES,0.0,False
87,2,RSNA_46344,R-CC,YES,0.0,False
87,2,RSNA_46344,L-MLO,YES,0.0,False
87,2,RSNA_46344,R-MLO,YES,0.0,False
87,3,RSNA_46377,L-CC,YES,0.0,False
87,3,RSNA_46377,R-CC,YES,0.0,False
87,3,RSNA_46377,L-MLO,YES,0.0,False
87,3,RSNA_46377,R-MLO,YES,0.0,False
87,4,RSNA_46481,L-CC,YES,0.0,False
87,4,RSNA_46481,R-CC,YES,0.0,False
87,4,RSNA_46481,L-MLO,YES,0.0,False
87,4,RSNA_46481,R-MLO,YES,0.0,False
88,0,RSNA_46828,L-CC,YES,0.0,False
88,0,RSNA_46828,R-CC,YES,0.0,False
88,0,RSNA_46828,L-MLO,YES,0.0,False
88,0,RSNA_46828,R-MLO,YES,0.0,False
88,1,RSNA_46832,L-CC,YES,0.0,False
88,1,RSNA_46832,R-CC,YES,0.0,False
88,1,RSNA_46832,L-MLO,YES,0.0,False
88,1,RSNA_46832,R-MLO,YES,0.0,False
88,2,RSNA_46962,L-CC,YES,0.0,False
88,2,RSNA_46962,R-CC,YES,0.0,False
88,2,RSNA_46962,L-MLO,YES,0.0,False
88,2,RSNA_46962,R-MLO,YES,0.0,False
89,0,RSNA_46983,L-CC,YES,0.0,False
89,0,RSNA_46983,R-CC,YES,0.0,False
89,0,RSNA_46983,L-MLO,YES,0.0,False
89,0,RSNA_46983,R-MLO,YES,0.0,False
89,1,RSNA_47055,L-CC,YES,0.0,False
89,1,RSNA_47055,R-CC,YES,0.0,False
89,1,RSNA_47055,L-MLO,YES,0.0,False
89,1,RSNA_47055,R-MLO,YES,0.0,False
89,2,RSNA_47094,L-CC,YES,0.0,False
89,2,RSNA_47094,R-CC,YES,0.0,False
89,2,RSNA_47094,L-MLO,YES,0.0,False
89,2,RSNA_47094,R-MLO,YES,0.0,False
89,3,RSNA_47141,L-CC,YES,0.0,False
89,3,RSNA_47141,R-CC,YES,0.0,False
89,3,RSNA_47141,L-MLO,YES,0.0,False
89,3,RSNA_47141,R-MLO,YES,0.0,False
89,4,RSNA_47253,L-CC,YES,0.0,False
89,4,RSNA_47253,R-CC,YES,0.0,False
89,4,RSNA_47253,L-MLO,YES,0.0,False
89,4,RSNA_47253,R-MLO,YES,0.0,False
89,5,RSNA_47281,L-CC,YES,0.0,False
89,5,RSNA_47281,R-CC,YES,0.0,False
89,5,RSNA_47281,L-MLO,YES,0.0,False
89,5,RSNA_47281,R-MLO,YES,0.0,False
89,6,RSNA_47356,L-CC,YES,0.0,False
89,6,RSNA_47356,R-CC,YES,0.0,False
89,6,RSNA_47356,L-MLO,YES,0.0,False
89,6,RSNA_47356,R-MLO,YES,0.0,False
90,0,RSNA_47399,L-CC,YES,0.0,False
90,0,RSNA_47399,R-CC,YES,0.0,False
90,0,RSNA_47399,L-MLO,YES,0.0,False
90,0,RSNA_47399,R-MLO,YES,0.0,False
90,1,RSNA_47416,L-CC,YES,0.0,False
90,1,RSNA_47416,R-CC,YES,0.0,False
90,1,RSNA_47416,L-MLO,YES,0.0,False
90,1,RSNA_47416,R-MLO,YES,0.0,False
90,2,RSNA_47493,L-CC,YES,0.0,False
90,2,RSNA_47493,R-CC,YES,0.0,False
90,2,RSNA_47493,L-MLO,YES,0.0,False
90,2,RSNA_47493,R-MLO,YES,0.0,False
90,3,RSNA_47540,L-CC,YES,0.0,False
90,3,RSNA_47540,R-CC,YES,0.0,False
90,3,RSNA_47540,L-MLO,YES,0.0,False
90,3,RSNA_47540,R-MLO,YES,0.0,False
90,4,RSNA_47542,L-CC,YES,0.0,False
90,4,RSNA_47542,R-CC,YES,0.0,False
90,4,RSNA_47542,L-MLO,YES,0.0,False
90,4,RSNA_47542,R-MLO,YES,0.0,False
91,0,RSNA_47784,L-CC,YES,0.0,False
91,0,RSNA_47784,R-CC,YES,0.0,False
91,0,RSNA_47784,L-MLO,YES,0.0,False
91,0,RSNA_47784,R-MLO,YES,0.0,False
91,1,RSNA_47806,L-CC,YES,0.0,False
91,1,RSNA_47806,R-CC,YES,0.0,False
91,1,RSNA_47806,L-MLO,YES,0.0,False
91,1,RSNA_47806,R-MLO,YES,0.0,False
92,0,RSNA_48099,L-CC,YES,0.0,False
92,0,RSNA_48099,R-CC,YES,0.0,False
92,0,RSNA_48099,L-MLO,YES,0.0,False
92,0,RSNA_48099,R-MLO,YES,0.0,False
92,1,RSNA_48155,L-CC,YES,0.0,False
92,1,RSNA_48155,R-CC,YES,0.0,False
92,1,RSNA_48155,L-MLO,YES,0.0,False
92,1,RSNA_48155,R-MLO,YES,0.0,False
92,2,RSNA_48273,L-CC,YES,0.0,False
92,2,RSNA_48273,R-CC,YES,0.0,False
92,2,RSNA_48273,L-MLO,YES,0.0,False
92,2,RSNA_48273,R-MLO,YES,0.0,False
92,3,RSNA_48320,L-CC,YES,0.0,False
92,3,RSNA_48320,R-CC,YES,0.0,False
92,3,RSNA_48320,L-MLO,YES,0.0,False
92,3,RSNA_48320,R-MLO,YES,0.0,False
92,4,RSNA_48352,L-CC,YES,0.0,False
92,4,RSNA_48352,R-CC,YES,0.0,False
92,4,RSNA_48352,L-MLO,YES,0.0,False
92,4,RSNA_48352,R-MLO,YES,0.0,False
92,5,RSNA_48396,L-CC,YES,0.0,False
92,5,RSNA_48396,R-CC,YES,0.0,False
92,5,RSNA_48396,L-MLO,YES,0.0,False
92,5,RSNA_48396,R-MLO,YES,0.0,False
93,0,RSNA_48544,L-CC,YES,0.0,False
93,0,RSNA_48544,R-CC,YES,0.0,False
93,0,RSNA_48544,L-MLO,YES,0.0,False
93,0,RSNA_48544,R-MLO,YES,0.0,False
93,1,RSNA_48649,L-CC,YES,0.0,False
93,1,RSNA_48649,R-CC,YES,0.0,False
93,1,RSNA_48649,L-MLO,YES,0.0,False
93,1,RSNA_48649,R-MLO,YES,0.0,False
93,2,RSNA_4877,L-CC,YES,0.0,False
93,2,RSNA_4877,R-CC,YES,0.0,False
93,2,RSNA_4877,L-MLO,YES,0.0,False
93,2,RSNA_4877,R-MLO,YES,0.0,False
93,3,RSNA_48777,L-CC,YES,0.0,False
93,3,RSNA_48777,R-CC,YES,0.0,False
93,3,RSNA_48777,L-MLO,YES,0.0,False
93,3,RSNA_48777,R-MLO,YES,0.0,False
94,0,RSNA_48919,L-CC,YES,0.0,False
94,0,RSNA_48919,R-CC,YES,0.0,False
94,0,RSNA_48919,L-MLO,YES,0.0,False
94,0,RSNA_48919,R-MLO,YES,0.0,False
94,1,RSNA_49151,L-CC,YES,0.0,False
94,1,RSNA_49151,R-CC,YES,0.0,False
94,1,RSNA_49151,L-MLO,YES,0.0,False
94,1,RSNA_49151,R-MLO,YES,0.0,False
95,0,RSNA_49451,L-CC,YES,0.0,False
95,0,RSNA_49451,R-CC,YES,0.0,False
95,0,RSNA_49451,L-MLO,YES,0.0,False
95,0,RSNA_49451,R-MLO,YES,0.0,False
95,1,RSNA_49520,L-CC,YES,0.0,False
95,1,RSNA_49520,R-CC,YES,0.0,False
95,1,RSNA_49520,L-MLO,YES,0.0,False
95,1,RSNA_49520,R-MLO,YES,0.0,False
95,2,RSNA_49718,L-CC,YES,0.0,False
95,2,RSNA_49718,R-CC,YES,0.0,False
95,2,RSNA_49718,L-MLO,YES,0.0,False
95,2,RSNA_49718,R-MLO,YES,0.0,False
95,3,RSNA_49805,L-CC,YES,0.0,False
95,3,RSNA_49805,R-CC,YES,0.0,False
95,3,RSNA_49805,L-MLO,YES,0.0,False
95,3,RSNA_49805,R-MLO,YES,0.0,False
96,0,RSNA_49954,L-CC,YES,0.0,False
96,0,RSNA_49954,R-CC,YES,0.0,False
96,0,RSNA_49954,L-MLO,YES,0.0,False
96,0,RSNA_49954,R-MLO,YES,0.0,False
96,1,RSNA_50170,L-CC,YES,0.0,False
96,1,RSNA_50170,R-CC,YES,0.0,False
96,1,RSNA_50170,L-MLO,YES,0.0,False
96,1,RSNA_50170,R-MLO,YES,0.0,False
97,0,RSNA_50336,L-CC,YES,0.0,False
97,0,RSNA_50336,R-CC,YES,0.0,False
97,0,RSNA_50336,L-MLO,YES,0.0,False
97,0,RSNA_50336,R-MLO,YES,0.0,False
98,0,RSNA_50736,L-CC,YES,0.0,False
98,0,RSNA_50736,R-CC,YES,0.0,False
98,0,RSNA_50736,L-MLO,YES,0.0,False
98,0,RSNA_50736,R-MLO,YES,0.0,False
98,1,RSNA_50865,L-CC,YES,0.0,False
98,1,RSNA_50865,R-CC,YES,0.0,False
98,1,RSNA_50865,L-MLO,YES,0.0,False
98,1,RSNA_50865,R-MLO,YES,0.0,False
98,2,RSNA_50868,L-CC,YES,0.0,False
98,2,RSNA_50868,R-CC,YES,0.0,False
98,2,RSNA_50868,L-MLO,YES,0.0,False
98,2,RSNA_50868,R-MLO,YES,0.0,False
98,3,RSNA_50961,L-CC,YES,0.0,False
98,3,RSNA_50961,R-CC,YES,0.0,False
98,3,RSNA_50961,L-MLO,YES,0.0,False
98,3,RSNA_50961,R-MLO,YES,0.0,False
99,0,RSNA_51250,L-CC,YES,0.0,False
99,0,RSNA_51250,R-CC,YES,0.0,False
99,0,RSNA_51250,L-MLO,YES,0.0,False
99,0,RSNA_51250,R-MLO,YES,0.0,False
99,1,RSNA_51281,L-CC,YES,0.0,False
99,1,RSNA_51281,R-CC,YES,0.0,False
99,1,RSNA_51281,L-MLO,YES,0.0,False
99,1,RSNA_51281,R-MLO,YES,0.0,False
99,2,RSNA_51297,L-CC,YES,0.0,False
99,2,RSNA_51297,R-CC,YES,0.0,False
99,2,RSNA_51297,L-MLO,YES,0.0,False
99,2,RSNA_51297,R-MLO,YES,0.0,False
99,3,RSNA_51420,L-CC,YES,0.0,False
99,3,RSNA_51420,R-CC,YES,0.0,False
99,3,RSNA_51420,L-MLO,YES,0.0,False
99,3,RSNA_51420,R-MLO,YES,0.0,False
99,4,RSNA_51435,L-CC,YES,0.0,False
99,4,RSNA_51435,R-CC,YES,0.0,False
99,4,RSNA_51435,L-MLO,YES,0.0,False
99,4,RSNA_51435,R-MLO,YES,0.0,False
99,5,RSNA_51595,L-CC,YES,0.0,False
99,5,RSNA_51595,R-CC,YES,0.0,False
99,5,RSNA_51595,L-MLO,YES,0.0,False
99,5,RSNA_51595,R-MLO,YES,0.0,False
99,6,RSNA_51622,L-CC,YES,0.0,False
99,6,RSNA_51622,R-CC,YES,0.0,False
99,6,RSNA_51622,L-MLO,YES,0.0,False
99,6,RSNA_51622,R-MLO,YES,0.0,False
100,0,RSNA_51627,L-CC,YES,0.0,False
100,0,RSNA_51627,R-CC,YES,0.0,False
100,0,RSNA_51627,L-MLO,YES,0.0,False
100,0,RSNA_51627,R-MLO,YES,0.0,False
100,1,RSNA_51661,L-CC,YES,0.0,False
100,1,RSNA_51661,R-CC,YES,0.0,False
100,1,RSNA_51661,L-MLO,YES,0.0,False
100,1,RSNA_51661,R-MLO,YES,0.0,False
100,2,RSNA_51704,L-CC,YES,0.0,False
100,2,RSNA_51704,R-CC,YES,0.0,False
100,2,RSNA_51704,L-MLO,YES,0.0,False
100,2,RSNA_51704,R-MLO,YES,0.0,False
100,3,RSNA_51944,L-CC,YES,0.0,False
100,3,RSNA_51944,R-CC,YES,0.0,False
100,3,RSNA_51944,L-MLO,YES,0.0,False
100,3,RSNA_51944,R-MLO,YES,0.0,False
101,0,RSNA_52035,L-CC,YES,0.0,False
101,0,RSNA_52035,R-CC,YES,0.0,False
101,0,RSNA_52035,L-MLO,YES,0.0,False
101,0,RSNA_52035,R-MLO,YES,0.0,False
101,1,RSNA_52100,L-CC,YES,0.0,False
101,1,RSNA_52100,R-CC,YES,0.0,False
101,1,RSNA_52100,L-MLO,YES,0.0,False
101,1,RSNA_52100,R-MLO,YES,0.0,False
101,2,RSNA_52234,L-CC,YES,0.0,False
101,2,RSNA_52234,R-CC,YES,0.0,False
101,2,RSNA_52234,L-MLO,YES,0.0,False
101,2,RSNA_52234,R-MLO,YES,0.0,False
102,0,RSNA_52602,L-CC,YES,0.0,False
102,0,RSNA_52602,R-CC,YES,0.0,False
102,0,RSNA_52602,L-MLO,YES,0.0,False
102,0,RSNA_52602,R-MLO,YES,0.0,False
103,0,RSNA_53050,L-CC,YES,0.0,False
103,0,RSNA_53050,R-CC,YES,0.0,False
103,0,RSNA_53050,L-MLO,YES,0.0,False
103,0,RSNA_53050,R-MLO,YES,0.0,False
103,1,RSNA_53076,L-CC,YES,0.0,False
103,1,RSNA_53076,R-CC,YES,0.0,False
103,1,RSNA_53076,L-MLO,YES,0.0,False
103,1,RSNA_53076,R-MLO,YES,0.0,False
103,2,RSNA_5309,L-CC,YES,0.0,False
103,2,RSNA_5309,R-CC,YES,0.0,False
103,2,RSNA_5309,L-MLO,YES,0.0,False
103,2,RSNA_5309,R-MLO,YES,0.0,False
103,3,RSNA_53102,L-CC,YES,0.0,False
103,3,RSNA_53102,R-CC,YES,0.0,False
103,3,RSNA_53102,L-MLO,YES,0.0,False
103,3,RSNA_53102,R-MLO,YES,0.0,False
103,4,RSNA_53220,L-CC,YES,0.0,False
103,4,RSNA_53220,R-CC,YES,0.0,False
103,4,RSNA_53220,L-MLO,YES,0.0,False
103,4,RSNA_53220,R-MLO,YES,0.0,False
103,5,RSNA_53230,L-CC,YES,0.0,False
103,5,RSNA_53230,R-CC,YES,0.0,False
103,5,RSNA_53230,L-MLO,YES,0.0,False
103,5,RSNA_53230,R-MLO,YES,0.0,False
103,6,RSNA_53361,L-CC,YES,0.0,False
103,6,RSNA_53361,R-CC,YES,0.0,False
103,6,RSNA_53361,L-MLO,YES,0.0,False
103,6,RSNA_53361,R-MLO,YES,0.0,False
104,0,RSNA_53529,L-CC,YES,0.0,False
104,0,RSNA_53529,R-CC,YES,0.0,False
104,0,RSNA_53529,L-MLO,YES,0.0,False
104,0,RSNA_53529,R-MLO,YES,0.0,False
104,1,RSNA_53565,L-CC,YES,0.0,False
104,1,RSNA_53565,R-CC,YES,0.0,False
104,1,RSNA_53565,L-MLO,YES,0.0,False
104,1,RSNA_53565,R-MLO,YES,0.0,False
104,2,RSNA_53572,L-CC,YES,0.0,False
104,2,RSNA_53572,R-CC,YES,0.0,False
104,2,RSNA_53572,L-MLO,YES,0.0,False
104,2,RSNA_53572,R-MLO,YES,0.0,False
104,3,RSNA_53636,L-CC,YES,0.0,False
104,3,RSNA_53636,R-CC,YES,0.0,False
104,3,RSNA_53636,L-MLO,YES,0.0,False
104,3,RSNA_53636,R-MLO,YES,0.0,False
104,4,RSNA_53661,L-CC,YES,0.0,False
104,4,RSNA_53661,R-CC,YES,0.0,False
104,4,RSNA_53661,L-MLO,YES,0.0,False
104,4,RSNA_53661,R-MLO,YES,0.0,False
104,5,RSNA_53708,L-CC,YES,0.0,False
104,5,RSNA_53708,R-CC,YES,0.0,False
104,5,RSNA_53708,L-MLO,YES,0.0,False
104,5,RSNA_53708,R-MLO,YES,0.0,False
105,0,RSNA_53847,L-CC,YES,0.0,False
105,0,RSNA_53847,R-CC,YES,0.0,False
105,0,RSNA_53847,L-MLO,YES,0.0,False
105,0,RSNA_53847,R-MLO,YES,0.0,False
106,0,RSNA_54343,L-CC,YES,0.0,False
106,0,RSNA_54343,R-CC,YES,0.0,False
106,0,RSNA_54343,L-MLO,YES,0.0,False
106,0,RSNA_54343,R-MLO,YES,0.0,False
106,1,RSNA_54426,L-CC,YES,0.0,False
106,1,RSNA_54426,R-CC,YES,0.0,False
106,1,RSNA_54426,L-MLO,YES,0.0,False
106,1,RSNA_54426,R-MLO,YES,0.0,False
106,2,RSNA_5461,L-CC,YES,0.0,False
106,2,RSNA_5461,R-CC,YES,0.0,False
106,2,RSNA_5461,L-MLO,YES,0.0,False
106,2,RSNA_5461,R-MLO,YES,0.0,False
106,3,RSNA_54666,L-CC,YES,0.0,False
106,3,RSNA_54666,R-CC,YES,0.0,False
106,3,RSNA_54666,L-MLO,YES,0.0,False
106,3,RSNA_54666,R-MLO,YES,0.0,False
107,0,RSNA_54708,L-CC,YES,0.0,False
107,0,RSNA_54708,R-CC,YES,0.0,False
107,0,RSNA_54708,L-MLO,YES,0.0,False
107,0,RSNA_54708,R-MLO,YES,0.0,False
107,1,RSNA_54710,L-CC,YES,0.0,False
107,1,RSNA_54710,R-CC,YES,0.0,False
107,1,RSNA_54710,L-MLO,YES,0.0,False
107,1,RSNA_54710,R-MLO,YES,0.0,False
107,2,RSNA_5481,L-CC,YES,0.0,False
107,2,RSNA_5481,R-CC,YES,0.0,False
107,2,RSNA_5481,L-MLO,YES,0.0,False
107,2,RSNA_5481,R-MLO,YES,0.0,False
107,3,RSNA_54919,L-CC,YES,0.0,False
107,3,RSNA_54919,R-CC,YES,0.0,False
107,3,RSNA_54919,L-MLO,YES,0.0,False
107,3,RSNA_54919,R-MLO,YES,0.0,False
107,4,RSNA_54930,L-CC,YES,0.0,False
107,4,RSNA_54930,R-CC,YES,0.0,False
107,4,RSNA_54930,L-MLO,YES,0.0,False
107,4,RSNA_54930,R-MLO,YES,0.0,False
107,5,RSNA_54931,L-CC,YES,0.0,False
107,5,RSNA_54931,R-CC,YES,0.0,False
107,5,RSNA_54931,L-MLO,YES,0.0,False
107,5,RSNA_54931,R-MLO,YES,0.0,False
107,6,RSNA_54932,L-CC,YES,0.0,False
107,6,RSNA_54932,R-CC,YES,0.0,False
107,6,RSNA_54932,L-MLO,YES,0.0,False
107,6,RSNA_54932,R-MLO,YES,0.0,False
107,7,RSNA_55043,L-CC,YES,0.0,False
107,7,RSNA_55043,R-CC,YES,0.0,False
107,7,RSNA_55043,L-MLO,YES,0.0,False
107,7,RSNA_55043,R-MLO,YES,0.0,False
108,0,RSNA_55057,L-CC,YES,0.0,False
108,0,RSNA_55057,R-CC,YES,0.0,False
108,0,RSNA_55057,L-MLO,YES,0.0,False
108,0,RSNA_55057,R-MLO,YES,0.0,False
108,1,RSNA_551,L-CC,YES,0.0,False
108,1,RSNA_551,R-CC,YES,0.0,False
108,1,RSNA_551,L-MLO,YES,0.0,False
108,1,RSNA_551,R-MLO,YES,0.0,False
109,0,RSNA_55476,L-CC,YES,0.0,False
109,0,RSNA_55476,R-CC,YES,0.0,False
109,0,RSNA_55476,L-MLO,YES,0.0,False
109,0,RSNA_55476,R-MLO,YES,0.0,False
109,1,RSNA_55508,L-CC,YES,0.0,False
109,1,RSNA_55508,R-CC,YES,0.0,False
109,1,RSNA_55508,L-MLO,YES,0.0,False
109,1,RSNA_55508,R-MLO,YES,0.0,False
109,2,RSNA_55509,L-CC,YES,0.0,False
109,2,RSNA_55509,R-CC,YES,0.0,False
109,2,RSNA_55509,L-MLO,YES,0.0,False
109,2,RSNA_55509,R-MLO,YES,0.0,False
109,3,RSNA_55512,L-CC,YES,0.0,False
109,3,RSNA_55512,R-CC,YES,0.0,False
109,3,RSNA_55512,L-MLO,YES,0.0,False
109,3,RSNA_55512,R-MLO,YES,0.0,False
109,4,RSNA_55591,L-CC,YES,0.0,False
109,4,RSNA_55591,R-CC,YES,0.0,False
109,4,RSNA_55591,L-MLO,YES,0.0,False
109,4,RSNA_55591,R-MLO,YES,0.0,False
110,0,RSNA_55723,L-CC,YES,0.0,False
110,0,RSNA_55723,R-CC,YES,0.0,False
110,0,RSNA_55723,L-MLO,YES,0.0,False
110,0,RSNA_55723,R-MLO,YES,0.0,False
110,1,RSNA_55761,L-CC,YES,0.0,False
110,1,RSNA_55761,R-CC,YES,0.0,False
110,1,RSNA_55761,L-MLO,YES,0.0,False
110,1,RSNA_55761,R-MLO,YES,0.0,False
110,2,RSNA_55836,L-CC,YES,0.0,False
110,2,RSNA_55836,R-CC,YES,0.0,False
110,2,RSNA_55836,L-MLO,YES,0.0,False
110,2,RSNA_55836,R-MLO,YES,0.0,False
110,3,RSNA_55945,L-CC,YES,0.0,False
110,3,RSNA_55945,R-CC,YES,0.0,False
110,3,RSNA_55945,L-MLO,YES,0.0,False
110,3,RSNA_55945,R-MLO,YES,0.0,False
110,4,RSNA_56013,L-CC,YES,0.0,False
110,4,RSNA_56013,R-CC,YES,0.0,False
110,4,RSNA_56013,L-MLO,YES,0.0,False
110,4,RSNA_56013,R-MLO,YES,0.0,False
111,0,RSNA_56092,L-CC,YES,0.0,False
111,0,RSNA_56092,R-CC,YES,0.0,False
111,0,RSNA_56092,L-MLO,YES,0.0,False
111,0,RSNA_56092,R-MLO,YES,0.0,False
111,1,RSNA_56107,L-CC,YES,0.0,False
111,1,RSNA_56107,R-CC,YES,0.0,False
111,1,RSNA_56107,L-MLO,YES,0.0,False
111,1,RSNA_56107,R-MLO,YES,0.0,False
111,2,RSNA_56166,L-CC,YES,0.0,False
111,2,RSNA_56166,R-CC,YES,0.0,False
111,2,RSNA_56166,L-MLO,YES,0.0,False
111,2,RSNA_56166,R-MLO,YES,0.0,False
111,3,RSNA_56235,L-CC,YES,0.0,False
111,3,RSNA_56235,R-CC,YES,0.0,False
111,3,RSNA_56235,L-MLO,YES,0.0,False
111,3,RSNA_56235,R-MLO,YES,0.0,False
111,4,RSNA_56343,L-CC,YES,0.0,False
111,4,RSNA_56343,R-CC,YES,0.0,False
111,4,RSNA_56343,L-MLO,YES,0.0,False
111,4,RSNA_56343,R-MLO,YES,0.0,False
111,5,RSNA_5643,L-CC,YES,0.0,False
111,5,RSNA_5643,R-CC,YES,0.0,False
111,5,RSNA_5643,L-MLO,YES,0.0,False
111,5,RSNA_5643,R-MLO,YES,0.0,False
112,0,RSNA_56478,L-CC,YES,0.0,False
112,0,RSNA_56478,R-CC,YES,0.0,False
112,0,RSNA_56478,L-MLO,YES,0.0,False
112,0,RSNA_56478,R-MLO,YES,0.0,False
112,1,RSNA_56541,L-CC,YES,0.0,False
112,1,RSNA_56541,R-CC,YES,0.0,False
112,1,RSNA_56541,L-MLO,YES,0.0,False
112,1,RSNA_56541,R-MLO,YES,0.0,False
112,2,RSNA_5660,L-CC,YES,0.0,False
112,2,RSNA_5660,R-CC,YES,0.0,False
112,2,RSNA_5660,L-MLO,YES,0.0,False
112,2,RSNA_5660,R-MLO,YES,0.0,False
112,3,RSNA_56610,L-CC,YES,0.0,False
112,3,RSNA_56610,R-CC,YES,0.0,False
112,3,RSNA_56610,L-MLO,YES,0.0,False
112,3,RSNA_56610,R-MLO,YES,0.0,False
112,4,RSNA_56716,L-CC,YES,0.0,False
112,4,RSNA_56716,R-CC,YES,0.0,False
112,4,RSNA_56716,L-MLO,YES,0.0,False
112,4,RSNA_56716,R-MLO,YES,0.0,False
112,5,RSNA_56766,L-CC,YES,0.0,False
112,5,RSNA_56766,R-CC,YES,0.0,False
112,5,RSNA_56766,L-MLO,YES,0.0,False
112,5,RSNA_56766,R-MLO,YES,0.0,False
114,0,RSNA_57584,L-CC,YES,0.0,False
114,0,RSNA_57584,R-CC,YES,0.0,False
114,0,RSNA_57584,L-MLO,YES,0.0,False
114,0,RSNA_57584,R-MLO,YES,0.0,False
115,0,RSNA_5777,L-CC,YES,0.0,False
115,0,RSNA_5777,R-CC,YES,0.0,False
115,0,RSNA_5777,L-MLO,YES,0.0,False
115,0,RSNA_5777,R-MLO,YES,0.0,False
115,1,RSNA_57835,L-CC,YES,0.0,False
115,1,RSNA_57835,R-CC,YES,0.0,False
115,1,RSNA_57835,L-MLO,YES,0.0,False
115,1,RSNA_57835,R-MLO,YES,0.0,False
115,2,RSNA_57971,L-CC,YES,0.0,False
115,2,RSNA_57971,R-CC,YES,0.0,False
115,2,RSNA_57971,L-MLO,YES,0.0,False
115,2,RSNA_57971,R-MLO,YES,0.0,False
115,3,RSNA_57989,L-CC,YES,0.0,False
115,3,RSNA_57989,R-CC,YES,0.0,False
115,3,RSNA_57989,L-MLO,YES,0.0,False
115,3,RSNA_57989,R-MLO,YES,0.0,False
115,4,RSNA_58036,L-CC,YES,0.0,False
115,4,RSNA_58036,R-CC,YES,0.0,False
115,4,RSNA_58036,L-MLO,YES,0.0,False
115,4,RSNA_58036,R-MLO,YES,0.0,False
116,0,RSNA_58479,L-CC,YES,0.0,False
116,0,RSNA_58479,R-CC,YES,0.0,False
116,0,RSNA_58479,L-MLO,YES,0.0,False
116,0,RSNA_58479,R-MLO,YES,0.0,False
116,1,RSNA_58528,L-CC,YES,0.0,False
116,1,RSNA_58528,R-CC,YES,0.0,False
116,1,RSNA_58528,L-MLO,YES,0.0,False
116,1,RSNA_58528,R-MLO,YES,0.0,False
116,2,RSNA_58558,L-CC,YES,0.0,False
116,2,RSNA_58558,R-CC,YES,0.0,False
116,2,RSNA_58558,L-MLO,YES,0.0,False
116,2,RSNA_58558,R-MLO,YES,0.0,False
117,0,RSNA_58656,L-CC,YES,0.0,False
117,0,RSNA_58656,R-CC,YES,0.0,False
117,0,RSNA_58656,L-MLO,YES,0.0,False
117,0,RSNA_58656,R-MLO,YES,0.0,False
117,1,RSNA_58679,L-CC,YES,0.0,False
117,1,RSNA_58679,R-CC,YES,0.0,False
117,1,RSNA_58679,L-MLO,YES,0.0,False
117,1,RSNA_58679,R-MLO,YES,0.0,False
117,2,RSNA_5878,L-CC,YES,0.0,False
117,2,RSNA_5878,R-CC,YES,0.0,False
117,2,RSNA_5878,L-MLO,YES,0.0,False
117,2,RSNA_5878,R-MLO,YES,0.0,False
117,3,RSNA_5890,L-CC,YES,0.0,False
117,3,RSNA_5890,R-CC,YES,0.0,False
117,3,RSNA_5890,L-MLO,YES,0.0,False
117,3,RSNA_5890,R-MLO,YES,0.0,False
117,4,RSNA_58960,L-CC,YES,0.0,False
117,4,RSNA_58960,R-CC,YES,0.0,False
117,4,RSNA_58960,L-MLO,YES,0.0,False
117,4,RSNA_58960,R-MLO,YES,0.0,False
117,5,RSNA_59021,L-CC,YES,0.0,False
117,5,RSNA_59021,R-CC,YES,0.0,False
117,5,RSNA_59021,L-MLO,YES,0.0,False
117,5,RSNA_59021,R-MLO,YES,0.0,False
118,0,RSNA_59025,L-CC,YES,0.0,False
118,0,RSNA_59025,R-CC,YES,0.0,False
118,0,RSNA_59025,L-MLO,YES,0.0,False
118,0,RSNA_59025,R-MLO,YES,0.0,False
118,1,RSNA_59090,L-CC,YES,0.0,False
118,1,RSNA_59090,R-CC,YES,0.0,False
118,1,RSNA_59090,L-MLO,YES,0.0,False
118,1,RSNA_59090,R-MLO,YES,0.0,False
118,2,RSNA_59126,L-CC,YES,0.0,False
118,2,RSNA_59126,R-CC,YES,0.0,False
118,2,RSNA_59126,L-MLO,YES,0.0,False
118,2,RSNA_59126,R-MLO,YES,0.0,False
118,3,RSNA_5919,L-CC,YES,0.0,False
118,3,RSNA_5919,R-CC,YES,0.0,False
118,3,RSNA_5919,L-MLO,YES,0.0,False
118,3,RSNA_5919,R-MLO,YES,0.0,False
118,4,RSNA_59191,L-CC,YES,0.0,False
118,4,RSNA_59191,R-CC,YES,0.0,False
118,4,RSNA_59191,L-MLO,YES,0.0,False
118,4,RSNA_59191,R-MLO,YES,0.0,False
118,5,RSNA_59222,L-CC,YES,0.0,False
118,5,RSNA_59222,R-CC,YES,0.0,False
118,5,RSNA_59222,L-MLO,YES,0.0,False
118,5,RSNA_59222,R-MLO,YES,0.0,False
118,6,RSNA_59233,L-CC,YES,0.0,False
118,6,RSNA_59233,R-CC,YES,0.0,False
118,6,RSNA_59233,L-MLO,YES,0.0,False
118,6,RSNA_59233,R-MLO,YES,0.0,False
118,7,RSNA_59314,L-CC,YES,0.0,False
118,7,RSNA_59314,R-CC,YES,0.0,False
118,7,RSNA_59314,L-MLO,YES,0.0,False
118,7,RSNA_59314,R-MLO,YES,0.0,False
118,8,RSNA_59347,L-CC,YES,0.0,False
118,8,RSNA_59347,R-CC,YES,0.0,False
118,8,RSNA_59347,L-MLO,YES,0.0,False
118,8,RSNA_59347,R-MLO,YES,0.0,False
119,0,RSNA_59417,L-CC,YES,0.0,False
119,0,RSNA_59417,R-CC,YES,0.0,False
119,0,RSNA_59417,L-MLO,YES,0.0,False
119,0,RSNA_59417,R-MLO,YES,0.0,False
119,1,RSNA_59485,L-CC,YES,0.0,False
119,1,RSNA_59485,R-CC,YES,0.0,False
119,1,RSNA_59485,L-MLO,YES,0.0,False
119,1,RSNA_59485,R-MLO,YES,0.0,False
119,2,RSNA_59525,L-CC,YES,0.0,False
119,2,RSNA_59525,R-CC,YES,0.0,False
119,2,RSNA_59525,L-MLO,YES,0.0,False
119,2,RSNA_59525,R-MLO,YES,0.0,False
119,3,RSNA_59571,L-CC,YES,0.0,False
119,3,RSNA_59571,R-CC,YES,0.0,False
119,3,RSNA_59571,L-MLO,YES,0.0,False
119,3,RSNA_59571,R-MLO,YES,0.0,False
119,4,RSNA_59587,L-CC,YES,0.0,False
119,4,RSNA_59587,R-CC,YES,0.0,False
119,4,RSNA_59587,L-MLO,YES,0.0,False
119,4,RSNA_59587,R-MLO,YES,0.0,False
120,0,RSNA_59683,L-CC,YES,0.0,False
120,0,RSNA_59683,R-CC,YES,0.0,False
120,0,RSNA_59683,L-MLO,YES,0.0,False
120,0,RSNA_59683,R-MLO,YES,0.0,False
120,1,RSNA_59864,L-CC,YES,0.0,False
120,1,RSNA_59864,R-CC,YES,0.0,False
120,1,RSNA_59864,L-MLO,YES,0.0,False
120,1,RSNA_59864,R-MLO,YES,0.0,False
120,2,RSNA_59865,L-CC,YES,0.0,False
120,2,RSNA_59865,R-CC,YES,0.0,False
120,2,RSNA_59865,L-MLO,YES,0.0,False
120,2,RSNA_59865,R-MLO,YES,0.0,False
121,0,RSNA_6022,L-CC,YES,0.0,False
121,0,RSNA_6022,R-CC,YES,0.0,False
121,0,RSNA_6022,L-MLO,YES,0.0,False
121,0,RSNA_6022,R-MLO,YES,0.0,False
121,1,RSNA_60299,L-CC,YES,0.0,False
121,1,RSNA_60299,R-CC,YES,0.0,False
121,1,RSNA_60299,L-MLO,YES,0.0,False
121,1,RSNA_60299,R-MLO,YES,0.0,False
122,0,RSNA_60478,L-CC,YES,0.0,False
122,0,RSNA_60478,R-CC,YES,0.0,False
122,0,RSNA_60478,L-MLO,YES,0.0,False
122,0,RSNA_60478,R-MLO,YES,0.0,False
122,1,RSNA_6057,L-CC,YES,0.0,False
122,1,RSNA_6057,R-CC,YES,0.0,False
122,1,RSNA_6057,L-MLO,YES,0.0,False
122,1,RSNA_6057,R-MLO,YES,0.0,False
122,2,RSNA_60703,L-CC,YES,0.0,False
122,2,RSNA_60703,R-CC,YES,0.0,False
122,2,RSNA_60703,L-MLO,YES,0.0,False
122,2,RSNA_60703,R-MLO,YES,0.0,False
122,3,RSNA_608,L-CC,YES,0.0,False
122,3,RSNA_608,R-CC,YES,0.0,False
122,3,RSNA_608,L-MLO,YES,0.0,False
122,3,RSNA_608,R-MLO,YES,0.0,False
122,4,RSNA_60828,L-CC,YES,0.0,False
122,4,RSNA_60828,R-CC,YES,0.0,False
122,4,RSNA_60828,L-MLO,YES,0.0,False
122,4,RSNA_60828,R-MLO,YES,0.0,False
122,5,RSNA_6090,L-CC,YES,0.0,False
122,5,RSNA_6090,R-CC,YES,0.0,False
122,5,RSNA_6090,L-MLO,YES,0.0,False
122,5,RSNA_6090,R-MLO,YES,0.0,False
123,0,RSNA_6107,L-CC,YES,0.0,False
123,0,RSNA_6107,R-CC,YES,0.0,False
123,0,RSNA_6107,L-MLO,YES,0.0,False
123,0,RSNA_6107,R-MLO,YES,0.0,False
123,1,RSNA_61245,L-CC,YES,0.0,False
123,1,RSNA_61245,R-CC,YES,0.0,False
123,1,RSNA_61245,L-MLO,YES,0.0,False
123,1,RSNA_61245,R-MLO,YES,0.0,False
123,2,RSNA_61283,L-CC,YES,0.0,False
123,2,RSNA_61283,R-CC,YES,0.0,False
123,2,RSNA_61283,L-MLO,YES,0.0,False
123,2,RSNA_61283,R-MLO,YES,0.0,False
123,3,RSNA_61294,L-CC,YES,0.0,False
123,3,RSNA_61294,R-CC,YES,0.0,False
123,3,RSNA_61294,L-MLO,YES,0.0,False
123,3,RSNA_61294,R-MLO,YES,0.0,False
124,0,RSNA_61560,L-CC,YES,0.0,False
124,0,RSNA_61560,R-CC,YES,0.0,False
124,0,RSNA_61560,L-MLO,YES,0.0,False
124,0,RSNA_61560,R-MLO,YES,0.0,False
124,1,RSNA_61580,L-CC,YES,0.0,False
124,1,RSNA_61580,R-CC,YES,0.0,False
124,1,RSNA_61580,L-MLO,YES,0.0,False
124,1,RSNA_61580,R-MLO,YES,0.0,False
124,2,RSNA_61662,L-CC,YES,0.0,False
124,2,RSNA_61662,R-CC,YES,0.0,False
124,2,RSNA_61662,L-MLO,YES,0.0,False
124,2,RSNA_61662,R-MLO,YES,0.0,False
124,3,RSNA_61707,L-CC,YES,0.0,False
124,3,RSNA_61707,R-CC,YES,0.0,False
124,3,RSNA_61707,L-MLO,YES,0.0,False
124,3,RSNA_61707,R-MLO,YES,0.0,False
124,4,RSNA_61744,L-CC,YES,0.0,False
124,4,RSNA_61744,R-CC,YES,0.0,False
124,4,RSNA_61744,L-MLO,YES,0.0,False
124,4,RSNA_61744,R-MLO,YES,0.0,False
125,0,RSNA_61942,L-CC,YES,0.0,False
125,0,RSNA_61942,R-CC,YES,0.0,False
125,0,RSNA_61942,L-MLO,YES,0.0,False
125,0,RSNA_61942,R-MLO,YES,0.0,False
125,1,RSNA_61959,L-CC,YES,0.0,False
125,1,RSNA_61959,R-CC,YES,0.0,False
125,1,RSNA_61959,L-MLO,YES,0.0,False
125,1,RSNA_61959,R-MLO,YES,0.0,False
125,2,RSNA_61976,L-CC,YES,0.0,False
125,2,RSNA_61976,R-CC,YES,0.0,False
125,2,RSNA_61976,L-MLO,YES,0.0,False
125,2,RSNA_61976,R-MLO,YES,0.0,False
125,3,RSNA_62100,L-CC,YES,0.0,False
125,3,RSNA_62100,R-CC,YES,0.0,False
125,3,RSNA_62100,L-MLO,YES,0.0,False
125,3,RSNA_62100,R-MLO,YES,0.0,False
125,4,RSNA_62322,L-CC,YES,0.0,False
125,4,RSNA_62322,R-CC,YES,0.0,False
125,4,RSNA_62322,L-MLO,YES,0.0,False
125,4,RSNA_62322,R-MLO,YES,0.0,False
126,0,RSNA_62517,L-CC,YES,0.0,False
126,0,RSNA_62517,R-CC,YES,0.0,False
126,0,RSNA_62517,L-MLO,YES,0.0,False
126,0,RSNA_62517,R-MLO,YES,0.0,False
126,1,RSNA_62550,L-CC,YES,0.0,False
126,1,RSNA_62550,R-CC,YES,0.0,False
126,1,RSNA_62550,L-MLO,YES,0.0,False
126,1,RSNA_62550,R-MLO,YES,0.0,False
126,2,RSNA_62583,L-CC,YES,0.0,False
126,2,RSNA_62583,R-CC,YES,0.0,False
126,2,RSNA_62583,L-MLO,YES,0.0,False
126,2,RSNA_62583,R-MLO,YES,0.0,False
126,3,RSNA_62627,L-CC,YES,0.0,False
126,3,RSNA_62627,R-CC,YES,0.0,False
126,3,RSNA_62627,L-MLO,YES,0.0,False
126,3,RSNA_62627,R-MLO,YES,0.0,False
126,4,RSNA_62707,L-CC,YES,0.0,False
126,4,RSNA_62707,R-CC,YES,0.0,False
126,4,RSNA_62707,L-MLO,YES,0.0,False
126,4,RSNA_62707,R-MLO,YES,0.0,False
127,0,RSNA_63027,L-CC,YES,0.0,False
127,0,RSNA_63027,R-CC,YES,0.0,False
127,0,RSNA_63027,L-MLO,YES,0.0,False
127,0,RSNA_63027,R-MLO,YES,0.0,False
127,1,RSNA_63056,L-CC,YES,0.0,False
127,1,RSNA_63056,R-CC,YES,0.0,False
127,1,RSNA_63056,L-MLO,YES,0.0,False
127,1,RSNA_63056,R-MLO,YES,0.0,False
127,2,RSNA_63113,L-CC,YES,0.0,False
127,2,RSNA_63113,R-CC,YES,0.0,False
127,2,RSNA_63113,L-MLO,YES,0.0,False
127,2,RSNA_63113,R-MLO,YES,0.0,False
127,3,RSNA_63195,L-CC,YES,0.0,False
127,3,RSNA_63195,R-CC,YES,0.0,False
127,3,RSNA_63195,L-MLO,YES,0.0,False
127,3,RSNA_63195,R-MLO,YES,0.0,False
128,0,RSNA_63273,L-CC,YES,0.0,False
128,0,RSNA_63273,R-CC,YES,0.0,False
128,0,RSNA_63273,L-MLO,YES,0.0,False
128,0,RSNA_63273,R-MLO,YES,0.0,False
128,1,RSNA_63286,L-CC,YES,0.0,False
128,1,RSNA_63286,R-CC,YES,0.0,False
128,1,RSNA_63286,L-MLO,YES,0.0,False
128,1,RSNA_63286,R-MLO,YES,0.0,False
128,2,RSNA_63351,L-CC,YES,0.0,False
128,2,RSNA_63351,R-CC,YES,0.0,False
128,2,RSNA_63351,L-MLO,YES,0.0,False
128,2,RSNA_63351,R-MLO,YES,0.0,False
128,3,RSNA_63608,L-CC,YES,0.0,False
128,3,RSNA_63608,R-CC,YES,0.0,False
128,3,RSNA_63608,L-MLO,YES,0.0,False
128,3,RSNA_63608,R-MLO,YES,0.0,False
129,0,RSNA_63816,L-CC,YES,0.0,False
129,0,RSNA_63816,R-CC,YES,0.0,False
129,0,RSNA_63816,L-MLO,YES,0.0,False
129,0,RSNA_63816,R-MLO,YES,0.0,False
129,1,RSNA_63948,L-CC,YES,0.0,False
129,1,RSNA_63948,R-CC,YES,0.0,False
129,1,RSNA_63948,L-MLO,YES,0.0,False
129,1,RSNA_63948,R-MLO,YES,0.0,False
129,2,RSNA_64022,L-CC,YES,0.0,False
129,2,RSNA_64022,R-CC,YES,0.0,False
129,2,RSNA_64022,L-MLO,YES,0.0,False
129,2,RSNA_64022,R-MLO,YES,0.0,False
130,0,RSNA_64121,L-CC,YES,0.0,False
130,0,RSNA_64121,R-CC,YES,0.0,False
130,0,RSNA_64121,L-MLO,YES,0.0,False
130,0,RSNA_64121,R-MLO,YES,0.0,False
130,1,RSNA_64227,L-CC,YES,0.0,False
130,1,RSNA_64227,R-CC,YES,0.0,False
130,1,RSNA_64227,L-MLO,YES,0.0,False
130,1,RSNA_64227,R-MLO,YES,0.0,False
130,2,RSNA_64398,L-CC,YES,0.0,False
130,2,RSNA_64398,R-CC,YES,0.0,False
130,2,RSNA_64398,L-MLO,YES,0.0,False
130,2,RSNA_64398,R-MLO,YES,0.0,False
130,3,RSNA_6442,L-CC,YES,0.0,False
130,3,RSNA_6442,R-CC,YES,0.0,False
130,3,RSNA_6442,L-MLO,YES,0.0,False
130,3,RSNA_6442,R-MLO,YES,0.0,False
131,0,RSNA_64480,L-CC,YES,0.0,False
131,0,RSNA_64480,R-CC,YES,0.0,False
131,0,RSNA_64480,L-MLO,YES,0.0,False
131,0,RSNA_64480,R-MLO,YES,0.0,False
131,1,RSNA_64553,L-CC,YES,0.0,False
131,1,RSNA_64553,R-CC,YES,0.0,False
131,1,RSNA_64553,L-MLO,YES,0.0,False
131,1,RSNA_64553,R-MLO,YES,0.0,False
131,2,RSNA_64594,L-CC,YES,0.0,False
131,2,RSNA_64594,R-CC,YES,0.0,False
131,2,RSNA_64594,L-MLO,YES,0.0,False
131,2,RSNA_64594,R-MLO,YES,0.0,False
131,3,RSNA_64613,L-CC,YES,0.0,False
131,3,RSNA_64613,R-CC,YES,0.0,False
131,3,RSNA_64613,L-MLO,YES,0.0,False
131,3,RSNA_64613,R-MLO,YES,0.0,False
131,4,RSNA_64716,L-CC,YES,0.0,False
131,4,RSNA_64716,R-CC,YES,0.0,False
131,4,RSNA_64716,L-MLO,YES,0.0,False
131,4,RSNA_64716,R-MLO,YES,0.0,False
131,5,RSNA_64729,L-CC,YES,0.0,False
131,5,RSNA_64729,R-CC,YES,0.0,False
131,5,RSNA_64729,L-MLO,YES,0.0,False
131,5,RSNA_64729,R-MLO,YES,0.0,False
131,6,RSNA_64731,L-CC,YES,0.0,False
131,6,RSNA_64731,R-CC,YES,0.0,False
131,6,RSNA_64731,L-MLO,YES,0.0,False
131,6,RSNA_64731,R-MLO,YES,0.0,False
132,0,RSNA_64749,L-CC,YES,0.0,False
132,0,RSNA_64749,R-CC,YES,0.0,False
132,0,RSNA_64749,L-MLO,YES,0.0,False
132,0,RSNA_64749,R-MLO,YES,0.0,False
132,1,RSNA_64917,L-CC,YES,0.0,False
132,1,RSNA_64917,R-CC,YES,0.0,False
132,1,RSNA_64917,L-MLO,YES,0.0,False
132,1,RSNA_64917,R-MLO,YES,0.0,False
132,2,RSNA_64944,L-CC,YES,0.0,False
132,2,RSNA_64944,R-CC,YES,0.0,False
132,2,RSNA_64944,L-MLO,YES,0.0,False
132,2,RSNA_64944,R-MLO,YES,0.0,False
132,3,RSNA_64985,L-CC,YES,0.0,False
132,3,RSNA_64985,R-CC,YES,0.0,False
132,3,RSNA_64985,L-MLO,YES,0.0,False
132,3,RSNA_64985,R-MLO,YES,0.0,False
132,4,RSNA_65,L-CC,YES,0.0,False
132,4,RSNA_65,R-CC,YES,0.0,False
132,4,RSNA_65,L-MLO,YES,0.0,False
132,4,RSNA_65,R-MLO,YES,0.0,False
132,5,RSNA_65009,L-CC,YES,0.0,False
132,5,RSNA_65009,R-CC,YES,0.0,False
132,5,RSNA_65009,L-MLO,YES,0.0,False
132,5,RSNA_65009,R-MLO,YES,0.0,False
133,0,RSNA_65109,L-CC,YES,0.0,False
133,0,RSNA_65109,R-CC,YES,0.0,False
133,0,RSNA_65109,L-MLO,YES,0.0,False
133,0,RSNA_65109,R-MLO,YES,0.0,False
133,1,RSNA_65246,L-CC,YES,0.0,False
133,1,RSNA_65246,R-CC,YES,0.0,False
133,1,RSNA_65246,L-MLO,YES,0.0,False
133,1,RSNA_65246,R-MLO,YES,0.0,False
133,2,RSNA_65301,L-CC,YES,0.0,False
133,2,RSNA_65301,R-CC,YES,0.0,False
133,2,RSNA_65301,L-MLO,YES,0.0,False
133,2,RSNA_65301,R-MLO,YES,0.0,False
134,0,RSNA_6775,L-CC,YES,0.0,False
134,0,RSNA_6775,R-CC,YES,0.0,False
134,0,RSNA_6775,L-MLO,YES,0.0,False
134,0,RSNA_6775,R-MLO,YES,0.0,False
134,1,RSNA_6908,L-CC,YES,0.0,False
134,1,RSNA_6908,R-CC,YES,0.0,False
134,1,RSNA_6908,L-MLO,YES,0.0,False
134,1,RSNA_6908,R-MLO,YES,0.0,False
134,2,RSNA_6952,L-CC,YES,0.0,False
134,2,RSNA_6952,R-CC,YES,0.0,False
134,2,RSNA_6952,L-MLO,YES,0.0,False
134,2,RSNA_6952,R-MLO,YES,0.0,False
135,0,RSNA_7055,L-CC,YES,0.0,False
135,0,RSNA_7055,R-CC,YES,0.0,False
135,0,RSNA_7055,L-MLO,YES,0.0,False
135,0,RSNA_7055,R-MLO,YES,0.0,False
135,1,RSNA_7096,L-CC,YES,0.0,False
135,1,RSNA_7096,R-CC,YES,0.0,False
135,1,RSNA_7096,L-MLO,YES,0.0,False
135,1,RSNA_7096,R-MLO,YES,0.0,False
135,2,RSNA_7151,L-CC,YES,0.0,False
135,2,RSNA_7151,R-CC,YES,0.0,False
135,2,RSNA_7151,L-MLO,YES,0.0,False
135,2,RSNA_7151,R-MLO,YES,0.0,False
135,3,RSNA_7173,L-CC,YES,0.0,False
135,3,RSNA_7173,R-CC,YES,0.0,False
135,3,RSNA_7173,L-MLO,YES,0.0,False
135,3,RSNA_7173,R-MLO,YES,0.0,False
135,4,RSNA_7175,L-CC,YES,0.0,False
135,4,RSNA_7175,R-CC,YES,0.0,False
135,4,RSNA_7175,L-MLO,YES,0.0,False
135,4,RSNA_7175,R-MLO,YES,0.0,False
135,5,RSNA_72,L-CC,YES,0.0,False
135,5,RSNA_72,R-CC,YES,0.0,False
135,5,RSNA_72,L-MLO,YES,0.0,False
135,5,RSNA_72,R-MLO,YES,0.0,False
135,6,RSNA_7212,L-CC,YES,0.0,False
135,6,RSNA_7212,R-CC,YES,0.0,False
135,6,RSNA_7212,L-MLO,YES,0.0,False
135,6,RSNA_7212,R-MLO,YES,0.0,False
136,0,RSNA_7396,L-CC,YES,0.0,False
136,0,RSNA_7396,R-CC,YES,0.0,False
136,0,RSNA_7396,L-MLO,YES,0.0,False
136,0,RSNA_7396,R-MLO,YES,0.0,False
136,1,RSNA_7399,L-CC,YES,0.0,False
136,1,RSNA_7399,R-CC,YES,0.0,False
136,1,RSNA_7399,L-MLO,YES,0.0,False
136,1,RSNA_7399,R-MLO,YES,0.0,False
136,2,RSNA_7485,L-CC,YES,0.0,False
136,2,RSNA_7485,R-CC,YES,0.0,False
136,2,RSNA_7485,L-MLO,YES,0.0,False
136,2,RSNA_7485,R-MLO,YES,0.0,False
136,3,RSNA_7512,L-CC,YES,0.0,False
136,3,RSNA_7512,R-CC,YES,0.0,False
136,3,RSNA_7512,L-MLO,YES,0.0,False
136,3,RSNA_7512,R-MLO,YES,0.0,False
136,4,RSNA_7541,L-CC,YES,0.0,False
136,4,RSNA_7541,R-CC,YES,0.0,False
136,4,RSNA_7541,L-MLO,YES,0.0,False
136,4,RSNA_7541,R-MLO,YES,0.0,False
136,5,RSNA_7552,L-CC,YES,0.0,False
136,5,RSNA_7552,R-CC,YES,0.0,False
136,5,RSNA_7552,L-MLO,YES,0.0,False
136,5,RSNA_7552,R-MLO,YES,0.0,False
137,0,RSNA_7755,L-CC,YES,0.0,False
137,0,RSNA_7755,R-CC,YES,0.0,False
137,0,RSNA_7755,L-MLO,YES,0.0,False
137,0,RSNA_7755,R-MLO,YES,0.0,False
137,1,RSNA_7776,L-CC,YES,0.0,False
137,1,RSNA_7776,R-CC,YES,0.0,False
137,1,RSNA_7776,L-MLO,YES,0.0,False
137,1,RSNA_7776,R-MLO,YES,0.0,False
137,2,RSNA_7900,L-CC,YES,0.0,False
137,2,RSNA_7900,R-CC,YES,0.0,False
137,2,RSNA_7900,L-MLO,YES,0.0,False
137,2,RSNA_7900,R-MLO,YES,0.0,False
138,0,RSNA_8207,L-CC,YES,0.0,False
138,0,RSNA_8207,R-CC,YES,0.0,False
138,0,RSNA_8207,L-MLO,YES,0.0,False
138,0,RSNA_8207,R-MLO,YES,0.0,False
138,1,RSNA_8218,L-CC,YES,0.0,False
138,1,RSNA_8218,R-CC,YES,0.0,False
138,1,RSNA_8218,L-MLO,YES,0.0,False
138,1,RSNA_8218,R-MLO,YES,0.0,False
138,2,RSNA_8325,L-CC,YES,0.0,False
138,2,RSNA_8325,R-CC,YES,0.0,False
138,2,RSNA_8325,L-MLO,YES,0.0,False
138,2,RSNA_8325,R-MLO,YES,0.0,False
138,3,RSNA_8376,L-CC,YES,0.0,False
138,3,RSNA_8376,R-CC,YES,0.0,False
138,3,RSNA_8376,L-MLO,YES,0.0,False
138,3,RSNA_8376,R-MLO,YES,0.0,False
139,0,RSNA_862,L-CC,YES,0.0,False
139,0,RSNA_862,R-CC,YES,0.0,False
139,0,RSNA_862,L-MLO,YES,0.0,False
139,0,RSNA_862,R-MLO,YES,0.0,False
140,0,RSNA_9026,L-CC,YES,0.0,False
140,0,RSNA_9026,R-CC,YES,0.0,False
140,0,RSNA_9026,L-MLO,YES,0.0,False
140,0,RSNA_9026,R-MLO,YES,0.0,False
140,1,RSNA_9209,L-CC,YES,0.0,False
140,1,RSNA_9209,R-CC,YES,0.0,False
140,1,RSNA_9209,L-MLO,YES,0.0,False
140,1,RSNA_9209,R-MLO,YES,0.0,False
140,2,RSNA_9227,L-CC,YES,0.0,False
140,2,RSNA_9227,R-CC,YES,0.0,False
140,2,RSNA_9227,L-MLO,YES,0.0,False
140,2,RSNA_9227,R-MLO,YES,0.0,False
141,0,RSNA_9280,L-CC,YES,0.0,False
141,0,RSNA_9280,R-CC,YES,0.0,False
141,0,RSNA_9280,L-MLO,YES,0.0,False
141,0,RSNA_9280,R-MLO,YES,0.0,False
141,1,RSNA_9286,L-CC,YES,0.0,False
141,1,RSNA_9286,R-CC,YES,0.0,False
141,1,RSNA_9286,L-MLO,YES,0.0,False
141,1,RSNA_9286,R-MLO,YES,0.0,False
141,2,RSNA_9387,L-CC,YES,0.0,False
141,2,RSNA_9387,R-CC,YES,0.0,False
141,2,RSNA_9387,L-MLO,YES,0.0,False
141,2,RSNA_9387,R-MLO,YES,0.0,False
141,3,RSNA_9390,L-CC,YES,0.0,False
141,3,RSNA_9390,R-CC,YES,0.0,False
141,3,RSNA_9390,L-MLO,YES,0.0,False
141,3,RSNA_9390,R-MLO,YES,0.0,False
141,4,RSNA_9444,L-CC,YES,0.0,False
141,4,RSNA_9444,R-CC,YES,0.0,False
141,4,RSNA_9444,L-MLO,YES,0.0,False
141,4,RSNA_9444,R-MLO,YES,0.0,False
141,5,RSNA_9559,L-CC,YES,0.0,False
141,5,RSNA_9559,R-CC,YES,0.0,False
141,5,RSNA_9559,L-MLO,YES,0.0,False
141,5,RSNA_9559,R-MLO,YES,0.0,False
141,6,RSNA_9607,L-CC,YES,0.0,False
141,6,RSNA_9607,R-CC,YES,0.0,False
141,6,RSNA_9607,L-MLO,YES,0.0,False
141,6,RSNA_9607,R-MLO,YES,0.0,False
142,0,RSNA_9646,L-CC,YES,0.0,False
142,0,RSNA_9646,R-CC,YES,0.0,False
142,0,RSNA_9646,L-MLO,YES,0.0,False
142,0,RSNA_9646,R-MLO,YES,0.0,False
142,1,RSNA_9658,L-CC,YES,0.0,False
142,1,RSNA_9658,R-CC,YES,0.0,False
142,1,RSNA_9658,L-MLO,YES,0.0,False
142,1,RSNA_9658,R-MLO,YES,0.0,False
142,2,RSNA_9664,L-CC,YES,0.0,False
142,2,RSNA_9664,R-CC,YES,0.0,False
142,2,RSNA_9664,L-MLO,YES,0.0,False
142,2,RSNA_9664,R-MLO,YES,0.0,False
142,3,RSNA_9808,L-CC,YES,0.0,False
142,3,RSNA_9808,R-CC,YES,0.0,False
142,3,RSNA_9808,L-MLO,YES,0.0,False
142,3,RSNA_9808,R-MLO,YES,0.0,False
142,4,RSNA_9814,L-CC,YES,0.0,False
142,4,RSNA_9814,R-CC,YES,0.0,False
142,4,RSNA_9814,L-MLO,YES,0.0,False
142,4,RSNA_9814,R-MLO,YES,0.0,False
