weight_id,w_gmic,w_nyu,w_glam,threshold_id,threshold_quantile,threshold,threshold_source,ground_truth_used_for_threshold_derivation,tn,fp,fn,tp,sensitivity,sensitivity_unavailable_reason,specificity,specificity_unavailable_reason,precision_ppv,precision_ppv_unavailable_reason,npv,npv_unavailable_reason,fpr,accuracy,balanced_accuracy,f1,f1_unavailable_reason,roc_auc,roc_auc_unavailable_reason,average_precision,auprc,auprc_method,auprc_unavailable_reason,diagnostic_only,eligible_for_freeze
W01,0.333333,0.333333,0.333334,T01,0.1,0.01576665867,analysis_score_quantile,False,348,3078,9,135,0.9375,,0.10157618213660245,,0.04201680672268908,,0.9747899159663865,,0.8984238178633975,0.13529411764705881,0.5195380910683012,0.08042895442359249,,0.7141375997275735,,0.1385067490755592,0.1385067490755592,average_precision_score,,True,False
W01,0.333333,0.333333,0.333334,T02,0.3,0.03336665606,analysis_score_quantile,False,1056,2370,15,129,0.8958333333333334,,0.30823117338003503,,0.05162064825930372,,0.9859943977591037,,0.691768826619965,0.3319327731092437,0.6020322533566842,0.09761634506242906,,0.7141375997275735,,0.1385067490755592,0.1385067490755592,average_precision_score,,True,False
W01,0.333333,0.333333,0.333334,T03,0.5,0.0597666479,analysis_score_quantile,False,1761,1665,24,120,0.8333333333333334,,0.5140105078809106,,0.06722689075630252,,0.9865546218487395,,0.4859894921190893,0.526890756302521,0.673671920607122,0.12441679626749612,,0.7141375997275735,,0.1385067490755592,0.1385067490755592,average_precision_score,,True,False
W01,0.333333,0.333333,0.333334,T04,0.7,0.14286996740999994,analysis_score_quantile,False,2444,982,55,89,0.6180555555555556,,0.7133683596030356,,0.08309990662931839,,0.9779911964785915,,0.28663164039696437,0.7095238095238096,0.6657119575792956,0.14650205761316873,,0.7141375997275735,,0.1385067490755592,0.1385067490755592,average_precision_score,,True,False
W01,0.333333,0.333333,0.333334,T05,0.9,0.33623633914,analysis_score_quantile,False,3110,316,103,41,0.2847222222222222,,0.9077641564506713,,0.11484593837535013,,0.967942732648615,,0.09223584354932866,0.8826330532212885,0.5962431893364468,0.16367265469061876,,0.7141375997275735,,0.1385067490755592,0.1385067490755592,average_precision_score,,True,False
W02,0.4,0.3,0.3,T01,0.1,0.015590000000000001,analysis_score_quantile,False,349,3077,8,136,0.9444444444444444,,0.10186806771745475,,0.042328042328042326,,0.9775910364145658,,0.8981319322825453,0.13585434173669467,0.5231562560809496,0.08102472445635985,,0.7115775199455145,,0.13397472080932837,0.13397472080932837,average_precision_score,,True,False
W02,0.4,0.3,0.3,T02,0.3,0.033567,analysis_score_quantile,False,1056,2370,15,129,0.8958333333333334,,0.30823117338003503,,0.05162064825930372,,0.9859943977591037,,0.691768826619965,0.3319327731092437,0.6020322533566842,0.09761634506242906,,0.7115775199455145,,0.13397472080932837,0.13397472080932837,average_precision_score,,True,False
W02,0.4,0.3,0.3,T03,0.5,0.06114499999999999,analysis_score_quantile,False,1760,1666,25,119,0.8263888888888888,,0.5137186223000584,,0.06666666666666667,,0.9859943977591037,,0.4862813776999416,0.5263305322128852,0.6700537555944737,0.12337998963193364,,0.7115775199455145,,0.13397472080932837,0.13397472080932837,average_precision_score,,True,False
W02,0.4,0.3,0.3,T04,0.7,0.14787599999999998,analysis_score_quantile,False,2443,983,56,88,0.6111111111111112,,0.7130764740221833,,0.08216619981325864,,0.9775910364145658,,0.2869235259778167,0.7089635854341737,0.6620937925666472,0.1448559670781893,,0.7115775199455145,,0.13397472080932837,0.13397472080932837,average_precision_score,,True,False
W02,0.4,0.3,0.3,T05,0.9,0.4,analysis_score_quantile,False,2836,590,99,45,0.3125,,0.8277875072971396,,0.07086614173228346,,0.9662691652470188,,0.1722124927028605,0.8070028011204482,0.5701437536485698,0.11553273427471117,,0.7115775199455145,,0.13397472080932837,0.13397472080932837,average_precision_score,,True,False
W03,0.3,0.4,0.3,T01,0.1,0.016859,analysis_score_quantile,False,347,3079,10,134,0.9305555555555556,,0.10128429655575015,,0.041705571117335825,,0.9719887955182073,,0.8987157034442499,0.13473389355742296,0.5159199260556528,0.07983318439082514,,0.71584837354868,,0.13760104489733582,0.13760104489733582,average_precision_score,,True,False
W03,0.3,0.4,0.3,T02,0.3,0.034459000000000004,analysis_score_quantile,False,1056,2370,15,129,0.8958333333333334,,0.30823117338003503,,0.05162064825930372,,0.9859943977591037,,0.691768826619965,0.3319327731092437,0.6020322533566842,0.09761634506242906,,0.71584837354868,,0.13760104489733582,0.13760104489733582,average_precision_score,,True,False
W03,0.3,0.4,0.3,T03,0.5,0.06119,analysis_score_quantile,False,1761,1665,24,120,0.8333333333333334,,0.5140105078809106,,0.06722689075630252,,0.9865546218487395,,0.4859894921190893,0.526890756302521,0.673671920607122,0.12441679626749612,,0.71584837354868,,0.13760104489733582,0.13760104489733582,average_precision_score,,True,False
W03,0.3,0.4,0.3,T04,0.7,0.14302399999999998,analysis_score_quantile,False,2444,982,55,89,0.6180555555555556,,0.7133683596030356,,0.08309990662931839,,0.9779911964785915,,0.28663164039696437,0.7095238095238096,0.6657119575792956,0.14650205761316873,,0.71584837354868,,0.13760104489733582,0.13760104489733582,average_precision_score,,True,False
W03,0.3,0.4,0.3,T05,0.9,0.30638299999999996,analysis_score_quantile,False,3113,313,100,44,0.3055555555555556,,0.9086398131932283,,0.12324929971988796,,0.9688764394646747,,0.09136018680677174,0.884313725490196,0.6070976843743919,0.17564870259481039,,0.71584837354868,,0.13760104489733582,0.13760104489733582,average_precision_score,,True,False
W04,0.3,0.3,0.4,T01,0.1,0.01491,analysis_score_quantile,False,346,3080,9,135,0.9375,,0.10099241097489783,,0.041990668740279936,,0.9746478873239437,,0.8990075890251021,0.13473389355742296,0.5192462054874489,0.0803810657933909,,0.7150385937601349,,0.14033441807203845,0.14033441807203845,average_precision_score,,True,False
W04,0.3,0.3,0.4,T02,0.3,0.031811,analysis_score_quantile,False,1056,2370,15,129,0.8958333333333334,,0.30823117338003503,,0.05162064825930372,,0.9859943977591037,,0.691768826619965,0.3319327731092437,0.6020322533566842,0.09761634506242906,,0.7150385937601349,,0.14033441807203845,0.14033441807203845,average_precision_score,,True,False
W04,0.3,0.3,0.4,T03,0.5,0.05751,analysis_score_quantile,False,1761,1665,24,120,0.8333333333333334,,0.5140105078809106,,0.06722689075630252,,0.9865546218487395,,0.4859894921190893,0.526890756302521,0.673671920607122,0.12441679626749612,,0.7150385937601349,,0.14033441807203845,0.14033441807203845,average_precision_score,,True,False
W04,0.3,0.3,0.4,T04,0.7,0.13775600000000002,analysis_score_quantile,False,2444,982,55,89,0.6180555555555556,,0.7133683596030356,,0.08309990662931839,,0.9779911964785915,,0.28663164039696437,0.7095238095238096,0.6657119575792956,0.14650205761316873,,0.7150385937601349,,0.14033441807203845,0.14033441807203845,average_precision_score,,True,False
W04,0.3,0.3,0.4,T05,0.9,0.30586099999999994,analysis_score_quantile,False,3112,314,101,43,0.2986111111111111,,0.9083479276123759,,0.12044817927170869,,0.9685652038593215,,0.09165207238762405,0.8837535014005602,0.6034795193617435,0.17165668662674652,,0.7150385937601349,,0.14033441807203845,0.14033441807203845,average_precision_score,,True,False
W05,0.5,0.25,0.25,T01,0.1,0.015175,analysis_score_quantile,False,348,3078,8,136,0.9444444444444444,,0.10157618213660245,,0.042314872433105166,,0.9775280898876404,,0.8984238178633975,0.13557422969187674,0.5230103132905234,0.08100059559261465,,0.7120923736784068,,0.1288000383472501,0.1288000383472501,average_precision_score,,True,False
W05,0.5,0.25,0.25,T02,0.3,0.0339025,analysis_score_quantile,False,1055,2371,16,128,0.8888888888888888,,0.3079392877991827,,0.051220488195278115,,0.9850606909430439,,0.6920607122008173,0.33137254901960783,0.5984140883440358,0.09685962920923194,,0.7120923736784068,,0.1288000383472501,0.1288000383472501,average_precision_score,,True,False
W05,0.5,0.25,0.25,T03,0.5,0.063875,analysis_score_quantile,False,1759,1667,25,119,0.8263888888888888,,0.513426736719206,,0.06662933930571109,,0.9859865470852018,,0.4865732632807939,0.5260504201680672,0.6699078128040474,0.12331606217616581,,0.7120923736784068,,0.1288000383472501,0.1288000383472501,average_precision_score,,True,False
W05,0.5,0.25,0.25,T04,0.7,0.15475,analysis_score_quantile,False,2444,982,54,90,0.625,,0.7133683596030356,,0.08395522388059702,,0.978382706164932,,0.28663164039696437,0.7098039215686275,0.6691841798015178,0.14802631578947367,,0.7120923736784068,,0.1288000383472501,0.1288000383472501,average_precision_score,,True,False
W05,0.5,0.25,0.25,T05,0.9,0.5,analysis_score_quantile,False,2873,553,102,42,0.2916666666666667,,0.8385872737886748,,0.07058823529411765,,0.9657142857142857,,0.16141272621132516,0.8165266106442577,0.5651269702276708,0.11366711772665765,,0.7120923736784068,,0.1288000383472501,0.1288000383472501,average_precision_score,,True,False
W06,0.25,0.5,0.25,T01,0.1,0.01852,analysis_score_quantile,False,347,3079,10,134,0.9305555555555556,,0.10128429655575015,,0.041705571117335825,,0.9719887955182073,,0.8987157034442499,0.13473389355742296,0.5159199260556528,0.07983318439082514,,0.7159851949147045,,0.13093452300484712,0.13093452300484712,average_precision_score,,True,False
W06,0.25,0.5,0.25,T02,0.3,0.035925,analysis_score_quantile,False,1054,2372,15,129,0.8958333333333334,,0.3076474022183304,,0.05157936825269892,,0.9859681945743686,,0.6923525977816696,0.33137254901960783,0.601740367775832,0.09754253308128544,,0.7159851949147045,,0.13093452300484712,0.13093452300484712,average_precision_score,,True,False
W06,0.25,0.5,0.25,T03,0.5,0.063,analysis_score_quantile,False,1763,1663,22,122,0.8472222222222222,,0.5145942790426153,,0.06834733893557422,,0.9876750700280112,,0.4854057209573847,0.5280112044817927,0.6809082506324188,0.12649040953862103,,0.7159851949147045,,0.13093452300484712,0.13093452300484712,average_precision_score,,True,False
W06,0.25,0.5,0.25,T04,0.7,0.14468999999999999,analysis_score_quantile,False,2444,982,55,89,0.6180555555555556,,0.7133683596030356,,0.08309990662931839,,0.9779911964785915,,0.28663164039696437,0.7095238095238096,0.6657119575792956,0.14650205761316873,,0.7159851949147045,,0.13093452300484712,0.13093452300484712,average_precision_score,,True,False
W06,0.25,0.5,0.25,T05,0.9,0.29480749999999983,analysis_score_quantile,False,3114,312,99,45,0.3125,,0.9089316987740805,,0.12605042016806722,,0.969187675070028,,0.09106830122591944,0.8848739495798319,0.6107158493870403,0.17964071856287425,,0.7159851949147045,,0.13093452300484712,0.13093452300484712,average_precision_score,,True,False
W07,0.25,0.25,0.5,T01,0.1,0.013600000000000001,analysis_score_quantile,False,349,3077,8,136,0.9444444444444444,,0.10186806771745475,,0.042328042328042326,,0.9775910364145658,,0.8981319322825453,0.13585434173669467,0.5231562560809496,0.08102472445635985,,0.7163216741259648,,0.14992051632348455,0.14992051632348455,average_precision_score,,True,False
W07,0.25,0.25,0.5,T02,0.3,0.029725,analysis_score_quantile,False,1055,2371,15,129,0.8958333333333334,,0.3079392877991827,,0.0516,,0.985981308411215,,0.6920607122008173,0.33165266106442576,0.6018863105662581,0.09757942511346444,,0.7163216741259648,,0.14992051632348455,0.14992051632348455,average_precision_score,,True,False
W07,0.25,0.25,0.5,T03,0.5,0.0532375,analysis_score_quantile,False,1761,1665,24,120,0.8333333333333334,,0.5140105078809106,,0.06722689075630252,,0.9865546218487395,,0.4859894921190893,0.526890756302521,0.673671920607122,0.12441679626749612,,0.7163216741259648,,0.14992051632348455,0.14992051632348455,average_precision_score,,True,False
W07,0.25,0.25,0.5,T04,0.7,0.13148499999999988,analysis_score_quantile,False,2443,983,56,88,0.6111111111111112,,0.7130764740221833,,0.08216619981325864,,0.9775910364145658,,0.2869235259778167,0.7089635854341737,0.6620937925666472,0.1448559670781893,,0.7163216741259648,,0.14992051632348455,0.14992051632348455,average_precision_score,,True,False
W07,0.25,0.25,0.5,T05,0.9,0.28363,analysis_score_quantile,False,3112,314,101,43,0.2986111111111111,,0.9083479276123759,,0.12044817927170869,,0.9685652038593215,,0.09165207238762405,0.8837535014005602,0.6034795193617435,0.17165668662674652,,0.7163216741259648,,0.14992051632348455,0.14992051632348455,average_precision_score,,True,False
W08,0.5,0.3,0.2,T01,0.1,0.01619,analysis_score_quantile,False,347,3079,9,135,0.9375,,0.10128429655575015,,0.04200373366521468,,0.9747191011235955,,0.8987157034442499,0.1350140056022409,0.519392148277875,0.08040500297796307,,0.7114700898358954,,0.1175549844885665,0.1175549844885665,average_precision_score,,True,False
W08,0.5,0.3,0.2,T02,0.3,0.034974,analysis_score_quantile,False,1056,2370,15,129,0.8958333333333334,,0.30823117338003503,,0.05162064825930372,,0.9859943977591037,,0.691768826619965,0.3319327731092437,0.6020322533566842,0.09761634506242906,,0.7114700898358954,,0.1175549844885665,0.1175549844885665,average_precision_score,,True,False
W08,0.5,0.3,0.2,T03,0.5,0.066185,analysis_score_quantile,False,1760,1666,25,119,0.8263888888888888,,0.5137186223000584,,0.06666666666666667,,0.9859943977591037,,0.4862813776999416,0.5263305322128852,0.6700537555944737,0.12337998963193364,,0.7114700898358954,,0.1175549844885665,0.1175549844885665,average_precision_score,,True,False
W08,0.5,0.3,0.2,T04,0.7,0.156546,analysis_score_quantile,False,2444,982,55,89,0.6180555555555556,,0.7133683596030356,,0.08309990662931839,,0.9779911964785915,,0.28663164039696437,0.7095238095238096,0.6657119575792956,0.14650205761316873,,0.7114700898358954,,0.1175549844885665,0.1175549844885665,average_precision_score,,True,False
W08,0.5,0.3,0.2,T05,0.9,0.5,analysis_score_quantile,False,2875,551,102,42,0.2916666666666667,,0.8391710449503794,,0.07082630691399663,,0.9657373194491098,,0.16082895504962055,0.8170868347338935,0.565418855808523,0.11397557666214382,,0.7114700898358954,,0.1175549844885665,0.1175549844885665,average_precision_score,,True,False
W09,0.5,0.2,0.3,T01,0.1,0.014219,analysis_score_quantile,False,349,3077,8,136,0.9444444444444444,,0.10186806771745475,,0.042328042328042326,,0.9775910364145658,,0.8981319322825453,0.13585434173669467,0.5231562560809496,0.08102472445635985,,0.7106187568917428,,0.12978362088958217,0.12978362088958217,average_precision_score,,True,False
W09,0.5,0.2,0.3,T02,0.3,0.032731,analysis_score_quantile,False,1055,2371,16,128,0.8888888888888888,,0.3079392877991827,,0.051220488195278115,,0.9850606909430439,,0.6920607122008173,0.33137254901960783,0.5984140883440358,0.09685962920923194,,0.7106187568917428,,0.12978362088958217,0.12978362088958217,average_precision_score,,True,False
W09,0.5,0.2,0.3,T03,0.5,0.06142,analysis_score_quantile,False,1760,1666,25,119,0.8263888888888888,,0.5137186223000584,,0.06666666666666667,,0.9859943977591037,,0.4862813776999416,0.5263305322128852,0.6700537555944737,0.12337998963193364,,0.7106187568917428,,0.12978362088958217,0.12978362088958217,average_precision_score,,True,False
W09,0.5,0.2,0.3,T04,0.7,0.151248,analysis_score_quantile,False,2445,981,54,90,0.625,,0.7136602451838879,,0.08403361344537816,,0.978391356542617,,0.28633975481611207,0.7100840336134454,0.6693301225919439,0.14814814814814814,,0.7106187568917428,,0.12978362088958217,0.12978362088958217,average_precision_score,,True,False
W09,0.5,0.2,0.3,T05,0.9,0.5,analysis_score_quantile,False,2874,552,103,41,0.2847222222222222,,0.8388791593695272,,0.06913996627318718,,0.965401410816258,,0.16112084063047286,0.8165266106442577,0.5618006907958747,0.1112618724559023,,0.7106187568917428,,0.12978362088958217,0.12978362088958217,average_precision_score,,True,False
W10,0.3,0.5,0.2,T01,0.1,0.018899,analysis_score_quantile,False,348,3078,9,135,0.9375,,0.10157618213660245,,0.04201680672268908,,0.9747899159663865,,0.8984238178633975,0.13529411764705881,0.5195380910683012,0.08042895442359249,,0.7153396007653889,,0.12127447004426523,0.12127447004426523,average_precision_score,,True,False
W10,0.3,0.5,0.2,T02,0.3,0.036748,analysis_score_quantile,False,1056,2370,15,129,0.8958333333333334,,0.30823117338003503,,0.05162064825930372,,0.9859943977591037,,0.691768826619965,0.3319327731092437,0.6020322533566842,0.09761634506242906,,0.7153396007653889,,0.12127447004426523,0.12127447004426523,average_precision_score,,True,False
W10,0.3,0.5,0.2,T03,0.5,0.065595,analysis_score_quantile,False,1763,1663,22,122,0.8472222222222222,,0.5145942790426153,,0.06834733893557422,,0.9876750700280112,,0.4854057209573847,0.5280112044817927,0.6809082506324188,0.12649040953862103,,0.7153396007653889,,0.12127447004426523,0.12127447004426523,average_precision_score,,True,False
W10,0.3,0.5,0.2,T04,0.7,0.14812399999999995,analysis_score_quantile,False,2446,980,53,91,0.6319444444444444,,0.7139521307647402,,0.08496732026143791,,0.9787915166066427,,0.28604786923525977,0.7106442577030813,0.6729482876045922,0.14979423868312758,,0.7153396007653889,,0.12127447004426523,0.12127447004426523,average_precision_score,,True,False
W10,0.3,0.5,0.2,T05,0.9,0.313584,analysis_score_quantile,False,3114,312,99,45,0.3125,,0.9089316987740805,,0.12605042016806722,,0.969187675070028,,0.09106830122591944,0.8848739495798319,0.6107158493870403,0.17964071856287425,,0.7153396007653889,,0.12127447004426523,0.12127447004426523,average_precision_score,,True,False
W11,0.2,0.5,0.3,T01,0.1,0.01794,analysis_score_quantile,False,346,3080,10,134,0.9305555555555556,,0.10099241097489783,,0.04169259489732421,,0.9719101123595506,,0.8990075890251021,0.13445378151260504,0.5157739832652267,0.07980941036331149,,0.7174689466173705,,0.13593532888306836,0.13593532888306836,average_precision_score,,True,False
W11,0.2,0.5,0.3,T02,0.3,0.034842000000000005,analysis_score_quantile,False,1056,2370,15,129,0.8958333333333334,,0.30823117338003503,,0.05162064825930372,,0.9859943977591037,,0.691768826619965,0.3319327731092437,0.6020322533566842,0.09761634506242906,,0.7174689466173705,,0.13593532888306836,0.13593532888306836,average_precision_score,,True,False
W11,0.2,0.5,0.3,T03,0.5,0.060805,analysis_score_quantile,False,1764,1662,21,123,0.8541666666666666,,0.5148861646234676,,0.06890756302521009,,0.9882352941176471,,0.4851138353765324,0.5285714285714286,0.6845264156450671,0.12752721617418353,,0.7174689466173705,,0.13593532888306836,0.13593532888306836,average_precision_score,,True,False
W11,0.2,0.5,0.3,T04,0.7,0.140982,analysis_score_quantile,False,2443,983,56,88,0.6111111111111112,,0.7130764740221833,,0.08216619981325864,,0.9775910364145658,,0.2869235259778167,0.7089635854341737,0.6620937925666472,0.1448559670781893,,0.7174689466173705,,0.13593532888306836,0.13593532888306836,average_precision_score,,True,False
W11,0.2,0.5,0.3,T05,0.9,0.28483600000000003,analysis_score_quantile,False,3113,313,100,44,0.3055555555555556,,0.9086398131932283,,0.12324929971988796,,0.9688764394646747,,0.09136018680677174,0.884313725490196,0.6070976843743919,0.17564870259481039,,0.7174689466173705,,0.13593532888306836,0.13593532888306836,average_precision_score,,True,False
W12,0.3,0.2,0.5,T01,0.1,0.01299,analysis_score_quantile,False,348,3078,8,136,0.9444444444444444,,0.10157618213660245,,0.042314872433105166,,0.9775280898876404,,0.8984238178633975,0.13557422969187674,0.5230103132905234,0.08100059559261465,,0.713978481546345,,0.14625119000178824,0.14625119000178824,average_precision_score,,True,False
W12,0.3,0.2,0.5,T02,0.3,0.029377000000000004,analysis_score_quantile,False,1055,2371,16,128,0.8888888888888888,,0.3079392877991827,,0.051220488195278115,,0.9850606909430439,,0.6920607122008173,0.33137254901960783,0.5984140883440358,0.09685962920923194,,0.713978481546345,,0.14625119000178824,0.14625119000178824,average_precision_score,,True,False
W12,0.3,0.2,0.5,T03,0.5,0.05327,analysis_score_quantile,False,1759,1667,25,119,0.8263888888888888,,0.513426736719206,,0.06662933930571109,,0.9859865470852018,,0.4865732632807939,0.5260504201680672,0.6699078128040474,0.12331606217616581,,0.713978481546345,,0.14625119000178824,0.14625119000178824,average_precision_score,,True,False
W12,0.3,0.2,0.5,T04,0.7,0.13302499999999995,analysis_score_quantile,False,2444,982,55,89,0.6180555555555556,,0.7133683596030356,,0.08309990662931839,,0.9779911964785915,,0.28663164039696437,0.7095238095238096,0.6657119575792956,0.14650205761316873,,0.713978481546345,,0.14625119000178824,0.14625119000178824,average_precision_score,,True,False
W12,0.3,0.2,0.5,T05,0.9,0.308367,analysis_score_quantile,False,3111,315,102,42,0.2916666666666667,,0.9080560420315237,,0.11764705882352941,,0.9682539682539683,,0.09194395796847636,0.8831932773109243,0.5998613543490952,0.16766467065868262,,0.713978481546345,,0.14625119000178824,0.14625119000178824,average_precision_score,,True,False
W13,0.2,0.3,0.5,T01,0.1,0.014329,analysis_score_quantile,False,348,3078,9,135,0.9375,,0.10157618213660245,,0.04201680672268908,,0.9747899159663865,,0.8984238178633975,0.13529411764705881,0.5195380910683012,0.08042895442359249,,0.7174983378737757,,0.14281730482146565,0.14281730482146565,average_precision_score,,True,False
W13,0.2,0.3,0.5,T02,0.3,0.030100000000000002,analysis_score_quantile,False,1055,2371,15,129,0.8958333333333334,,0.3079392877991827,,0.0516,,0.985981308411215,,0.6920607122008173,0.33165266106442576,0.6018863105662581,0.09757942511346444,,0.7174983378737757,,0.14281730482146565,0.14281730482146565,average_precision_score,,True,False
W13,0.2,0.3,0.5,T03,0.5,0.053475,analysis_score_quantile,False,1762,1664,23,121,0.8402777777777778,,0.514302393461763,,0.06778711484593837,,0.9871148459383754,,0.485697606538237,0.5274509803921569,0.6772900856197703,0.12545360290305857,,0.7174983378737757,,0.14281730482146565,0.14281730482146565,average_precision_score,,True,False
W13,0.2,0.3,0.5,T04,0.7,0.13147699999999993,analysis_score_quantile,False,2442,984,57,87,0.6041666666666666,,0.712784588441331,,0.08123249299719888,,0.9771908763505402,,0.287215411558669,0.7084033613445379,0.6584756275539988,0.14320987654320988,,0.7174983378737757,,0.14281730482146565,0.14281730482146565,average_precision_score,,True,False
W13,0.2,0.3,0.5,T05,0.9,0.278422,analysis_score_quantile,False,3111,315,102,42,0.2916666666666667,,0.9080560420315237,,0.11764705882352941,,0.9682539682539683,,0.09194395796847636,0.8831932773109243,0.5998613543490952,0.16766467065868262,,0.7174983378737757,,0.14281730482146565,0.14281730482146565,average_precision_score,,True,False
W14,0.6,0.2,0.2,T01,0.1,0.01476,analysis_score_quantile,False,349,3077,7,137,0.9513888888888888,,0.10186806771745475,,0.04262601120099564,,0.9803370786516854,,0.8981319322825453,0.1361344537815126,0.5266284783031718,0.08159618820726623,,0.7101647126548616,,0.12193073837723661,0.12193073837723661,average_precision_score,,True,False
W14,0.6,0.2,0.2,T02,0.3,0.034120000000000004,analysis_score_quantile,False,1057,2369,14,130,0.9027777777777778,,0.30852305896088733,,0.05202080832332933,,0.9869281045751634,,0.6914769410391126,0.33249299719887954,0.6056504183693325,0.09837306091562618,,0.7101647126548616,,0.12193073837723661,0.12193073837723661,average_precision_score,,True,False
W14,0.6,0.2,0.2,T03,0.5,0.06581000000000001,analysis_score_quantile,False,1760,1666,25,119,0.8263888888888888,,0.5137186223000584,,0.06666666666666667,,0.9859943977591037,,0.4862813776999416,0.5263305322128852,0.6700537555944737,0.12337998963193364,,0.7101647126548616,,0.12193073837723661,0.12193073837723661,average_precision_score,,True,False
W14,0.6,0.2,0.2,T04,0.7,0.16144799999999995,analysis_score_quantile,False,2447,979,52,92,0.6388888888888888,,0.7142440163455925,,0.08590102707749767,,0.9791916766706683,,0.28575598365440746,0.7112044817927171,0.6765664526172407,0.151440329218107,,0.7101647126548616,,0.12193073837723661,0.12193073837723661,average_precision_score,,True,False
W14,0.6,0.2,0.2,T05,0.9,0.6,analysis_score_quantile,False,2884,542,106,38,0.2638888888888889,,0.8417980151780502,,0.06551724137931035,,0.9645484949832775,,0.1582019848219498,0.8184873949579832,0.5528434520334695,0.10497237569060773,,0.7101647126548616,,0.12193073837723661,0.12193073837723661,average_precision_score,,True,False
W15,0.2,0.6,0.2,T01,0.1,0.019618,analysis_score_quantile,False,346,3080,11,133,0.9236111111111112,,0.10099241097489783,,0.04139433551198257,,0.969187675070028,,0.8990075890251021,0.1341736694677871,0.5123017610430045,0.07923741435805778,,0.7159456687422975,,0.12110603473405376,0.12110603473405376,average_precision_score,,True,False
W15,0.2,0.6,0.2,T02,0.3,0.037248,analysis_score_quantile,False,1055,2371,16,128,0.8888888888888888,,0.3079392877991827,,0.051220488195278115,,0.9850606909430439,,0.6920607122008173,0.33137254901960783,0.5984140883440358,0.09685962920923194,,0.7159456687422975,,0.12110603473405376,0.12110603473405376,average_precision_score,,True,False
W15,0.2,0.6,0.2,T03,0.5,0.06427000000000001,analysis_score_quantile,False,1763,1663,22,122,0.8472222222222222,,0.5145942790426153,,0.06834733893557422,,0.9876750700280112,,0.4854057209573847,0.5280112044817927,0.6809082506324188,0.12649040953862103,,0.7159456687422975,,0.12110603473405376,0.12110603473405376,average_precision_score,,True,False
W15,0.2,0.6,0.2,T04,0.7,0.14455199999999988,analysis_score_quantile,False,2441,985,58,86,0.5972222222222222,,0.7124927028604787,,0.08029878618113913,,0.9767907162865146,,0.28750729713952133,0.707843137254902,0.6548574625413505,0.14156378600823044,,0.7159456687422975,,0.12110603473405376,0.12110603473405376,average_precision_score,,True,False
W15,0.2,0.6,0.2,T05,0.9,0.28889000000000004,analysis_score_quantile,False,3112,314,101,43,0.2986111111111111,,0.9083479276123759,,0.12044817927170869,,0.9685652038593215,,0.09165207238762405,0.8837535014005602,0.6034795193617435,0.17165668662674652,,0.7159456687422975,,0.12110603473405376,0.12110603473405376,average_precision_score,,True,False
W16,0.2,0.2,0.6,T01,0.1,0.012178000000000001,analysis_score_quantile,False,349,3077,8,136,0.9444444444444444,,0.10186806771745475,,0.042328042328042326,,0.9775910364145658,,0.8981319322825453,0.13585434173669467,0.5231562560809496,0.08102472445635985,,0.7176138759161964,,0.14537281111262915,0.14537281111262915,average_precision_score,,True,False
W16,0.2,0.2,0.6,T02,0.3,0.02722,analysis_score_quantile,False,1055,2371,15,129,0.8958333333333334,,0.3079392877991827,,0.0516,,0.985981308411215,,0.6920607122008173,0.33165266106442576,0.6018863105662581,0.09757942511346444,,0.7176138759161964,,0.14537281111262915,0.14537281111262915,average_precision_score,,True,False
W16,0.2,0.2,0.6,T03,0.5,0.04942,analysis_score_quantile,False,1760,1666,25,119,0.8263888888888888,,0.5137186223000584,,0.06666666666666667,,0.9859943977591037,,0.4862813776999416,0.5263305322128852,0.6700537555944737,0.12337998963193364,,0.7176138759161964,,0.14537281111262915,0.14537281111262915,average_precision_score,,True,False
W16,0.2,0.2,0.6,T04,0.7,0.12342399999999999,analysis_score_quantile,False,2443,983,56,88,0.6111111111111112,,0.7130764740221833,,0.08216619981325864,,0.9775910364145658,,0.2869235259778167,0.7089635854341737,0.6620937925666472,0.1448559670781893,,0.7176138759161964,,0.14537281111262915,0.14537281111262915,average_precision_score,,True,False
W16,0.2,0.2,0.6,T05,0.9,0.27175799999999994,analysis_score_quantile,False,3111,315,102,42,0.2916666666666667,,0.9080560420315237,,0.11764705882352941,,0.9682539682539683,,0.09194395796847636,0.8831932773109243,0.5998613543490952,0.16766467065868262,,0.7176138759161964,,0.14537281111262915,0.14537281111262915,average_precision_score,,True,False
