chunk,model,elapsed_seconds,monitoring_samples,avg_cpu_percent,max_memory_mib,avg_gpu_util_percent,max_gpu_memory_mib
0,gmic,488.5973957590177,157,153.18184713375797,,1.89171974522293,2296.0
0,nyu,73.26908661000198,24,431.8520833333334,,0.5833333333333334,2339.0
0,glam,411.0095322840498,132,162.82560606060605,,3.333333333333333,2543.0
1,gmic,486.5496643240331,156,155.28403846153847,,2.923076923076923,2306.0
1,nyu,69.58429220301332,23,422.0817391304348,,1.2173913043478262,2339.0
1,glam,409.84945073898416,131,163.6354961832061,,3.8396946564885495,2543.0
2,gmic,485.1518053149921,155,162.8485806451613,,2.7419354838709675,2301.0
2,nyu,73.4784407329862,24,458.85083333333336,,2.25,2339.0
2,glam,411.0814606780186,132,173.85689393939396,,2.606060606060606,2543.0
3,gmic,482.9934074789635,155,152.69387096774193,,2.1161290322580646,2433.0
3,nyu,65.48519137402764,21,456.11761904761903,,3.0476190476190474,2471.0
3,glam,404.4369862109888,129,162.64782945736434,,6.317829457364341,2680.0
4,gmic,481.6277256030007,155,154.00206451612902,,1.8193548387096772,2433.0
4,nyu,68.07438508002087,22,453.1818181818182,,2.0,2471.0
4,glam,404.4749525020016,129,165.62751937984495,,3.310077519379845,2680.0
5,gmic,476.0584051180049,153,151.9507843137255,,3.34640522875817,2433.0
5,nyu,64.81953318300657,21,439.16523809523807,,0.3809523809523809,2471.0
5,glam,398.971507743001,128,161.67453125,,2.5390625,2675.0
6,gmic,474.7332882040064,152,156.1665789473684,,2.861842105263158,2438.0
6,nyu,66.59120160900056,21,474.1680952380953,,5.190476190476191,2471.0
6,glam,398.87874693999765,128,165.38765625,,2.6796875,2746.0
7,gmic,473.3057431319612,152,143.9071052631579,,2.7302631578947367,2307.0
7,nyu,54.30656511901179,18,440.5344444444444,,1.2222222222222223,2340.0
7,glam,393.40363952599,126,154.9484126984127,,4.920634920634921,2549.0
8,gmic,482.7411765419529,155,157.8251612903226,,2.703225806451613,2307.0
8,nyu,71.85564603604143,23,450.415652173913,,2.652173913043478,2340.0
8,glam,407.9744928759756,130,168.4403076923077,,3.815384615384616,2544.0
9,gmic,483.5790230980492,155,156.30651612903225,,3.838709677419355,2302.0
9,nyu,68.98524766997434,22,454.9095454545455,,0.8181818181818182,2340.0
9,glam,408.014215090021,131,164.46175572519084,,2.3587786259541983,2544.0
10,gmic,491.0516222669976,157,160.9447770700637,,2.3184713375796178,2398.0
10,nyu,73.84377780399518,24,453.5466666666666,,0.8333333333333334,2461.0
10,glam,417.9560127040022,134,173.01582089552238,,2.485074626865672,2670.0
11,gmic,501.9200735670165,161,158.52875776397516,,3.1180124223602483,2423.0
11,nyu,89.33766420197207,29,410.2424137931035,,1.4482758620689655,2461.0
11,glam,425.7545797600178,136,168.915,,3.3308823529411766,2670.0
12,gmic,491.4342223780113,158,164.50677215189873,,1.8860759493670889,2423.0
12,nyu,75.97493201098405,24,498.5179166666667,,1.0833333333333333,2461.0
12,glam,415.5116233979934,133,174.80105263157895,,3.593984962406015,2665.0
13,gmic,489.5489493750501,157,160.39968152866243,,2.643312101910828,2423.0
13,nyu,72.5643069120124,23,463.1026086956522,,1.6956521739130437,2461.0
13,glam,413.3113946310477,132,167.94371212121212,,3.409090909090909,2665.0
14,gmic,485.4654777420219,156,160.34730769230768,,4.064102564102564,2488.0
14,nyu,78.29836767201778,25,470.1196,,0.4,2324.0
14,glam,411.1081733630272,131,175.43648854961833,,3.2977099236641223,2528.0
15,gmic,480.97774705901975,154,161.57584415584415,,1.7142857142857142,2291.0
15,nyu,72.92103762802435,23,469.2765217391305,,0.217391304347826,2324.0
15,glam,406.3177070530364,129,169.98612403100773,,6.054263565891473,2528.0
16,gmic,489.36208748596255,157,158.07885350318472,,3.0,2286.0
16,nyu,75.08808154397411,24,434.84,,1.125,2329.0
16,glam,414.6731090680114,133,166.74503759398496,,3.962406015037594,2528.0
17,gmic,479.287366006989,154,161.36909090909091,,1.7987012987012987,2286.0
17,nyu,70.527751385991,23,468.4343478260869,,0.9565217391304348,2324.0
17,glam,402.8852900720085,128,171.889375,,5.890625,2672.0
18,gmic,494.74212523398455,159,160.3119496855346,,3.0125786163522013,2430.0
18,nyu,74.98778974701418,24,453.7520833333333,,0.5833333333333334,2468.0
18,glam,414.980159077968,133,170.84067669172933,,3.218045112781955,2677.0
19,gmic,474.2275895259809,152,155.06855263157894,,4.171052631578948,2435.0
19,nyu,62.66290974098956,20,488.4625,,6.7,2468.0
19,glam,401.2342763629858,128,162.946015625,,3.8203125,2763.0
20,gmic,506.5964130469947,162,154.45117283950617,,3.580246913580247,2711.0
20,nyu,75.57070632796967,24,464.20166666666665,,8.375,2735.0
20,glam,413.81127840996487,132,167.45121212121214,,4.7727272727272725,2939.0
21,gmic,495.9852079899865,159,157.4609433962264,,5.144654088050315,2683.0
21,nyu,70.45017555099912,23,459.8808695652174,,7.913043478260869,2721.0
21,glam,413.3713871310465,132,167.07772727272726,,4.234848484848484,2925.0
22,gmic,502.0429060019669,161,158.05913043478262,,4.3602484472049685,2689.0
22,nyu,78.52499077899847,25,451.652,,8.76,2727.0
22,glam,421.6545345819905,135,169.69466666666665,,4.688888888888889,2931.0
23,gmic,499.6633501680335,160,153.9774375,,4.38125,2799.0
23,nyu,75.0885913509992,24,434.0225,,6.208333333333333,2706.0
23,glam,424.970019838016,136,165.06301470588235,,3.286764705882353,3316.0
24,gmic,488.0549683150021,156,153.94762820512818,,0.9935897435897436,2590.0
24,nyu,67.77737405896187,22,459.1359090909091,,1.0,2585.0
24,glam,404.148909423966,129,164.65596899224806,,3.116279069767442,2791.0
25,gmic,489.20011448900914,157,158.17458598726114,,2.242038216560509,2549.0
25,nyu,74.64968943799613,24,449.33833333333337,,2.5416666666666665,2587.0
25,glam,410.8851089780219,131,169.17671755725192,,3.83206106870229,2793.0
26,gmic,486.35541809001006,156,157.75012820512822,,2.333333333333333,2548.0
26,nyu,69.51045063999481,22,465.3022727272728,,5.545454545454546,2584.0
26,glam,408.4538348059869,130,167.54992307692308,,3.953846153846154,2789.0
27,gmic,503.2852438879781,161,159.37037267080746,,1.2173913043478262,2555.0
27,nyu,83.11729630600894,27,409.55,,0.7407407407407407,2589.0
27,glam,423.56657804903807,135,164.8511851851852,,3.9851851851851854,2647.0
28,gmic,492.791956030007,158,156.53107594936708,,3.189873417721519,2409.0
28,nyu,72.57018790696748,23,454.2017391304348,,0.7391304347826086,2442.0
28,glam,413.3593403209816,132,165.69500000000002,,4.159090909090909,2649.0
29,gmic,487.97760512004606,156,156.52685897435896,,4.108974358974359,2408.0
29,nyu,69.28779169800691,22,473.05045454545456,,0.6818181818181818,2441.0
29,glam,411.0899099290255,131,167.932213740458,,2.870229007633588,2648.0
30,gmic,482.0791653110064,155,152.24316129032258,,2.458064516129032,2409.0
30,nyu,57.06979160802439,18,491.67388888888894,,1.2777777777777777,2441.0
30,glam,400.3470643879846,128,156.866171875,,3.875,2648.0
31,gmic,486.9825714419712,156,157.33326923076925,,2.198717948717949,2534.0
31,nyu,71.14408994099358,23,460.84434782608696,,1.608695652173913,2568.0
31,glam,411.019358081976,131,168.26519083969467,,4.091603053435114,2773.0
32,gmic,483.047017439967,155,156.47051612903226,,3.941935483870968,2531.0
32,nyu,69.58738187403651,22,472.9531818181818,,2.363636363636364,2568.0
32,glam,408.63994677900337,130,167.77015384615385,,4.1,2778.0
33,gmic,475.1929162549786,152,155.4728947368421,,2.6447368421052637,2533.0
33,nyu,63.78881071996875,21,460.3495238095238,,2.523809523809524,2569.0
33,glam,399.1863607740379,128,164.46375,,2.15625,2778.0
34,gmic,479.9207558759954,154,152.04103896103896,,3.0,2532.0
34,nyu,62.02630788896931,20,465.2055,,3.2,2569.0
34,glam,401.1009050519788,128,160.438828125,,3.0234375,2776.0
35,gmic,489.65195100801066,157,157.66057324840764,,2.859872611464968,2391.0
35,nyu,73.25181266700383,24,440.1170833333333,,1.375,2424.0
35,glam,412.12056068499805,131,166.7381679389313,,5.572519083969466,2632.0
36,gmic,489.7326193170156,157,161.1708280254777,,2.2929936305732483,2392.0
36,nyu,81.10298697696999,26,443.0261538461539,,0.6538461538461539,2425.0
36,glam,415.1779482229613,132,174.33257575757577,,3.265151515151515,2629.0
37,gmic,477.3530004079803,153,149.259477124183,,2.764705882352941,2391.0
37,nyu,58.62009821500397,19,434.4884210526316,,4.789473684210527,2424.0
37,glam,399.5289787520305,128,157.04796875,,3.6328125,2631.0
38,gmic,488.04494758398505,156,150.74711538461537,,4.019230769230769,2389.0
38,nyu,67.83230933803134,22,436.10090909090906,,1.2272727272727273,2429.0
38,glam,408.1475079579977,130,161.4036153846154,,2.3461538461538463,2770.0
39,gmic,488.161527335993,156,161.3776923076923,,2.198717948717949,2532.0
39,nyu,71.06138312100666,23,463.4921739130435,,0.7391304347826086,2566.0
39,glam,411.911019125022,131,168.83343511450383,,4.648854961832061,2774.0
40,gmic,481.9392923170235,154,149.260974025974,,2.1493506493506493,2532.0
40,nyu,60.58750855800463,20,446.1085,,1.15,2566.0
40,glam,405.4072717029485,129,161.8941860465116,,3.302325581395349,2773.0
41,gmic,477.9459512439789,153,149.250522875817,,1.8758169934640525,2529.0
41,nyu,61.605134433018975,20,440.989,,2.0,2567.0
41,glam,400.7865496929735,127,158.0791338582677,,6.062992125984252,2775.0
42,gmic,480.7552660140209,154,151.19116883116882,,1.5324675324675323,2600.0
42,nyu,60.6490651940112,20,464.4865,,1.9,2414.0
42,glam,402.784850228054,128,162.746328125,,2.7890625,2619.0
43,gmic,478.4006477800431,153,154.04751633986928,,2.2091503267973858,2381.0
43,nyu,62.156583522039,20,467.1325,,0.85,2414.0
43,glam,401.9712774560321,128,162.114296875,,3.3828125,2621.0
44,gmic,482.6675900090486,155,155.68870967741935,,1.864516129032258,2379.0
44,nyu,65.06361040798947,21,468.76047619047614,,0.0952380952380952,2414.0
44,glam,404.9421867239871,129,165.5862015503876,,4.682170542635659,2622.0
45,gmic,482.1239616999519,155,154.1528387096774,,2.95483870967742,2377.0
45,nyu,69.06448384100804,22,454.6868181818182,,1.5454545454545454,2414.0
45,glam,408.93124135996914,130,167.47276923076922,,2.976923076923077,2624.0
46,gmic,484.9278081639786,155,154.1647741935484,,3.167741935483871,2530.0
46,nyu,67.16171101399232,22,443.5781818181818,,1.0,2566.0
46,glam,408.6284765339806,130,164.8813076923077,,3.1846153846153844,2774.0
47,gmic,484.049817594001,155,152.71961290322582,,2.393548387096774,2528.0
47,nyu,68.50712137599476,22,450.7890909090909,,2.590909090909091,2566.0
47,glam,407.3039998839959,130,161.15507692307693,,2.0307692307692307,2770.0
48,gmic,497.20298184698913,159,156.9162893081761,,2.3270440251572326,2529.0
48,nyu,81.2167417719611,26,416.99923076923073,,2.0384615384615383,2566.0
48,glam,424.2697469199775,135,167.0758518518519,,2.703703703703704,2770.0
49,gmic,491.0005681850016,157,150.07853503184714,,1.5031847133757965,2532.0
49,nyu,67.96980246301973,22,428.4450000000001,,4.409090909090909,2566.0
49,glam,411.8028495140025,131,161.93770992366413,,3.0076335877862594,2834.0
50,gmic,486.7812064799946,156,155.46314102564102,,2.2628205128205128,2452.0
50,nyu,67.93867864500498,22,466.1522727272728,,2.227272727272727,2485.0
50,glam,412.2949819610221,131,166.37893129770993,,2.6793893129771,2692.0
51,gmic,484.7367987439502,155,156.70761290322582,,2.967741935483871,2452.0
51,nyu,67.04214482399402,22,458.4313636363637,,0.7727272727272727,2485.0
51,glam,407.183293664013,130,164.63923076923075,,2.576923076923077,2692.0
52,gmic,478.46061086899135,153,151.01686274509805,,2.3986928104575163,2450.0
52,nyu,65.53247694898164,21,429.62619047619046,,0.9047619047619048,2489.0
52,glam,402.26790944399545,128,159.93453125,,3.1328125,2690.0
53,gmic,489.6717989539611,157,157.38853503184714,,2.070063694267516,2607.0
53,nyu,72.17753437999636,23,449.3456521739131,,0.8695652173913043,2434.0
53,glam,411.1861103189876,131,165.18526717557253,,3.2748091603053435,2642.0
54,gmic,487.1413472430431,156,158.21788461538463,,1.858974358974359,2398.0
54,nyu,71.408311777981,23,466.0360869565217,,2.4782608695652173,2434.0
54,glam,408.62433220801177,130,166.88761538461537,,5.053846153846154,2643.0
55,gmic,484.6310220430023,155,159.84374193548388,,1.7161290322580645,2398.0
55,nyu,70.4817860480398,23,449.9495652173913,,1.826086956521739,2433.0
55,glam,407.4419441259816,129,168.07031007751937,,3.798449612403101,2641.0
56,gmic,491.47144779301016,157,154.5543949044586,,2.1910828025477707,2400.0
56,nyu,72.15458213101374,23,437.3978260869565,,0.0,2433.0
56,glam,414.98518332099775,132,164.2678787878788,,4.204545454545454,2641.0
57,gmic,488.6415297209751,156,152.18173076923077,,2.9423076923076925,2562.0
57,nyu,70.6792850199854,23,426.59869565217394,,0.6086956521739131,2595.0
57,glam,410.69992187200114,130,162.19130769230767,,2.0846153846153848,2801.0
58,gmic,492.3387042800314,157,166.3103821656051,,3.1974522292993632,2562.0
58,nyu,79.45075369800907,25,483.744,,4.0,2595.0
58,glam,414.2656385799637,131,178.212213740458,,3.2748091603053435,2802.0
59,gmic,477.3856922160485,153,148.90660130718953,,1.7647058823529411,2562.0
59,nyu,60.26855900703231,20,435.131,,2.1,2595.0
59,glam,398.29442655603634,126,158.33857142857144,,2.6031746031746037,2801.0
60,gmic,480.1055250010104,154,148.82123376623375,,2.74025974025974,2558.0
60,nyu,61.193969985004514,20,426.4255,,1.7,2595.0
60,glam,401.4005263419822,127,158.73692913385827,,4.574803149606299,2866.0
61,gmic,488.04108095000265,156,155.85807692307694,,3.608974358974359,2439.0
61,nyu,67.63419364602305,22,466.3677272727273,,0.8181818181818182,2473.0
61,glam,410.9885898340144,131,166.3071755725191,,2.5572519083969465,2682.0
62,gmic,489.073524218984,157,159.18796178343948,,3.171974522292994,2438.0
62,nyu,68.11268525000196,22,468.7804545454546,,0.5,2473.0
62,glam,413.3062096870272,132,169.7684090909091,,0.696969696969697,2680.0
63,gmic,484.0857011539629,155,155.38006451612904,,3.212903225806452,2438.0
63,nyu,68.65558066498488,22,458.4281818181818,,2.5454545454545454,2473.0
63,glam,406.5997225189931,129,168.28596899224806,,2.798449612403101,2677.0
64,gmic,484.2898811509949,155,156.55200000000002,,4.503225806451613,2562.0
64,nyu,73.06845459900796,23,458.9282608695653,,2.6956521739130435,2601.0
64,glam,406.9094229610055,129,166.6218604651163,,1.8914728682170543,2807.0
65,gmic,486.5035942510003,156,151.27570512820512,,2.5961538461538463,2566.0
65,nyu,63.14430924796034,20,467.117,,2.85,2601.0
65,glam,408.3542498510215,129,161.4703100775194,,5.72093023255814,2807.0
66,gmic,477.6354345800355,153,154.5764705882353,,3.803921568627451,2565.0
66,nyu,67.42852834204677,22,451.8445454545454,,0.7727272727272727,2600.0
66,glam,403.5835247749928,127,167.66141732283464,,3.4881889763779528,2805.0
67,gmic,486.2508593670209,156,159.46570512820514,,2.871794871794872,2566.0
67,nyu,73.50503005698556,24,444.11,,1.625,2600.0
67,glam,410.0332020019996,129,170.12441860465117,,2.395348837209302,2809.0
68,gmic,492.460658623022,158,161.4451265822785,,3.5632911392405062,2631.0
68,nyu,88.58197006495902,28,487.5575,,2.142857142857143,2470.0
68,glam,418.2880604439997,132,179.5655303030303,,2.386363636363636,2677.0
69,gmic,485.51853380101966,155,152.41709677419357,,2.677419354838709,2429.0
69,nyu,68.49856208101846,22,432.5181818181818,,0.9545454545454546,2464.0
69,glam,408.8558014250011,130,160.68107692307694,,3.2,2671.0
70,gmic,485.2119200389716,155,159.39432258064517,,3.129032258064516,2436.0
70,nyu,72.75054470502073,23,465.11608695652177,,3.217391304347826,2471.0
70,glam,408.8145201919833,129,169.66,,4.728682170542636,2677.0
71,gmic,474.6262960049789,152,144.5600657894737,,4.0131578947368425,2442.0
71,nyu,56.937263740983326,18,451.9661111111111,,0.0,2477.0
71,glam,395.48733988194726,125,154.76464,,3.352,2812.0
72,gmic,494.1136324370164,158,158.77727848101267,,2.5632911392405062,2573.0
72,nyu,75.77340056700632,24,447.3208333333334,,0.9166666666666666,2606.0
72,glam,418.2810616259813,133,167.41353383458647,,2.3684210526315788,2813.0
73,gmic,501.4043533540098,160,154.18156249999998,,2.775,2803.0
73,nyu,86.02851839596406,27,446.6814814814815,,1.5555555555555556,2726.0
73,glam,426.2257006709697,135,169.99985185185184,,2.185185185185185,3151.0
74,gmic,551.5562230669893,173,159.29387283236994,,3.0,2860.0
74,nyu,77.45761404198129,25,428.2312,,4.08,2460.0
74,glam,437.7767840959714,138,170.65826086956525,,1.0507246376811594,3043.0
75,gmic,529.8433447089628,168,160.08607142857142,,3.5357142857142856,2960.0
75,nyu,89.71137078397442,28,429.1717857142857,,1.8928571428571428,2677.0
75,glam,436.134230835014,137,165.74518248175184,,1.2262773722627738,2893.0
76,gmic,513.3013402320212,164,151.66256097560975,,1.920731707317073,2876.0
76,nyu,72.71039984701201,23,418.2317391304348,,2.260869565217391,2622.0
76,glam,429.1597539359937,136,162.1222794117647,,1.4926470588235294,3108.0
77,gmic,507.13206289400114,162,152.88530864197529,,1.2839506172839503,2837.0
77,nyu,75.1575593620073,24,425.1558333333333,,8.75,2805.0
77,glam,529.0105063910014,163,150.33276073619632,,2.5460122699386503,3640.0
78,gmic,539.2703435890144,172,163.0435465116279,,2.1802325581395348,3190.0
78,nyu,91.41271492600208,29,447.85689655172416,,2.1379310344827585,3244.0
78,glam,461.8456365020247,146,168.66924657534247,,2.287671232876712,3433.0
79,gmic,531.1817853000248,169,164.888875739645,,2.562130177514793,3362.0
79,nyu,89.56308672897285,28,446.3771428571428,,4.535714285714286,3216.0
79,glam,444.40357312897686,141,174.00765957446808,,0.7092198581560284,3433.0
80,gmic,519.1405608360074,166,156.43168674698796,,1.6144578313253013,3304.0
80,nyu,93.44834273098968,30,395.2766666666666,,1.7333333333333334,3278.0
80,glam,443.1475482280366,140,169.64535714285714,,2.2928571428571427,3424.0
81,gmic,498.7949762940407,159,160.94773584905658,,3.477987421383648,2451.0
81,nyu,70.53386518999469,22,472.9509090909091,,2.8181818181818183,2449.0
81,glam,410.69897203700384,129,167.021007751938,,1.2635658914728682,2654.0
82,gmic,488.21535707399016,156,154.28121794871794,,2.076923076923077,2400.0
82,nyu,66.01947066001594,21,469.8242857142857,,1.4761904761904765,2429.0
82,glam,408.2689897470409,128,163.298203125,,2.40625,2638.0
83,gmic,489.819962442969,157,156.80859872611467,,1.5222929936305734,2399.0
83,nyu,70.05302673997357,23,434.9021739130435,,1.3478260869565215,2436.0
83,glam,411.7625807209988,129,169.85263565891475,,2.434108527131783,2646.0
84,gmic,486.1061552730389,155,159.47335483870967,,2.2838709677419358,2403.0
84,nyu,74.1237671499839,24,453.2870833333333,,5.666666666666667,2435.0
84,glam,410.3245052060229,129,170.1129457364341,,0.9612403100775194,2667.0
85,gmic,485.1315693460056,155,156.83974193548386,,3.07741935483871,2425.0
85,nyu,71.90606295905309,23,435.6913043478261,,1.4782608695652173,2459.0
85,glam,408.3180123170023,129,163.93279069767442,,2.503875968992248,2668.0
86,gmic,489.4030692930101,157,157.00605095541405,,1.21656050955414,2428.0
86,nyu,74.853251455992,24,441.4216666666666,,1.5,2459.0
86,glam,412.0462594869896,130,167.3496153846154,,1.4615384615384617,2670.0
87,gmic,493.0288446369814,158,157.065,,3.3417721518987342,2426.0
87,nyu,70.44613031699555,23,448.70130434782607,,0.8695652173913043,2460.0
87,glam,413.9553711549961,131,163.77931297709924,,1.267175572519084,2668.0
88,gmic,495.604015579971,159,156.00308176100629,,1.8553459119496856,2582.0
88,nyu,66.36748372699367,21,484.6885714285714,,0.8095238095238095,2502.0
88,glam,409.0968788670143,129,167.03790697674418,,2.434108527131783,2714.0
89,gmic,474.6313647510251,152,145.51526315789474,,3.3552631578947367,2470.0
89,nyu,54.53816029796144,18,451.15222222222224,,2.888888888888889,2502.0
89,glam,394.5304329760256,124,154.94540322580644,,2.7338709677419355,2712.0
90,gmic,492.2664727240335,157,159.05815286624204,,2.305732484076433,2470.0
90,nyu,76.29513901600149,25,428.296,,0.56,2503.0
90,glam,414.4799276289996,132,170.19583333333333,,1.5,2712.0
91,gmic,490.2364964139997,157,158.11401273885352,,1.751592356687898,2470.0
91,nyu,71.69855765497778,23,479.7334782608695,,1.608695652173913,2507.0
91,glam,412.1581059570308,130,169.98753846153846,,1.5692307692307692,2852.0
92,gmic,481.1139718879713,154,150.8088961038961,,2.6948051948051948,2451.0
92,nyu,63.046000621980056,20,447.883,,0.0,2483.0
92,glam,403.0417645149864,127,161.36409448818898,,1.5354330708661417,2694.0
93,gmic,494.3816314860014,158,160.2329746835443,,2.4746835443037973,2453.0
93,nyu,75.95808978698915,24,457.8533333333333,,2.4166666666666665,2488.0
93,glam,413.4633931809804,130,173.3496923076923,,1.4,2693.0
94,gmic,483.90911217202665,155,147.99309677419356,,1.9548387096774196,2453.0
94,nyu,60.594324921956286,20,445.003,,2.3,2483.0
94,glam,404.2606572419754,128,160.0865625,,1.1640625,2692.0
95,gmic,486.4007927699713,155,159.94851612903227,,4.0,2450.0
95,nyu,73.4179908669903,24,461.31166666666667,,0.5833333333333334,2484.0
95,glam,408.3233590599848,127,174.77259842519683,,3.4330708661417324,2635.0
96,gmic,477.3592811819981,153,148.28307189542485,,2.026143790849673,2393.0
96,nyu,56.7031379059772,18,477.96833333333336,,2.055555555555556,2431.0
96,glam,400.1492607700056,126,160.15301587301587,,2.4206349206349205,2640.0
97,gmic,486.50670972804073,155,155.71187096774193,,3.0258064516129037,2403.0
97,nyu,66.36998103797669,21,466.5871428571429,,0.8095238095238095,2428.0
97,glam,410.43247143802,129,166.32023255813954,,1.3333333333333333,2638.0
98,gmic,482.4430300729582,154,151.55753246753247,,3.207792207792208,2396.0
98,nyu,62.58576090901624,20,448.854,,6.3,2434.0
98,glam,402.3734978850116,126,161.09880952380954,,1.1349206349206349,2638.0
99,gmic,486.55191323399777,156,151.9777564102564,,2.5384615384615383,2577.0
99,nyu,72.37947105203057,23,429.6282608695652,,1.7826086956521738,2370.0
99,glam,409.8038671009708,127,162.79724409448818,,1.3858267716535433,2581.0
100,gmic,478.6485281710047,153,151.5441176470588,,2.738562091503268,2339.0
100,nyu,65.10002128500491,21,446.3928571428572,,0.9523809523809524,2370.0
100,glam,401.915596605977,126,159.25984126984125,,1.626984126984127,2581.0
101,gmic,483.536132009991,155,151.48122580645162,,0.9032258064516128,2339.0
101,nyu,61.8237193810055,20,471.7615,,4.0,2371.0
101,glam,406.8015257900115,127,161.56149606299215,,1.0236220472440944,2583.0
102,gmic,490.1710615089978,157,153.8240127388535,,0.9171974522292994,2341.0
102,nyu,65.81257168896263,21,463.2490476190476,,0.6190476190476191,2376.0
102,glam,409.7774801090127,128,166.547265625,,1.6015625,2583.0
103,gmic,489.8051980630262,156,157.35775641025643,,2.4871794871794872,2356.0
103,nyu,68.1821849559783,22,462.2636363636364,,0.4545454545454545,2394.0
103,glam,410.6445781299845,128,165.25968749999998,,1.75,2600.0
104,gmic,488.52342055301415,156,156.08820512820515,,1.108974358974359,2358.0
104,nyu,66.44335442996817,21,491.5976190476191,,2.6666666666666665,2388.0
104,glam,411.0998894179938,127,169.64535433070864,,2.1496062992125986,2600.0
105,gmic,492.1031082330155,158,158.4407594936709,,1.1772151898734178,2355.0
105,nyu,72.21644559100969,23,474.6404347826087,,1.173913043478261,2388.0
105,glam,414.0634040349978,129,171.38511627906976,,0.6511627906976745,2598.0
106,gmic,485.9824870520388,155,162.0241935483871,,1.6387096774193548,2356.0
106,nyu,70.96959279000293,23,473.4165217391304,,1.6956521739130437,2389.0
106,glam,409.72806236404,128,170.671171875,,1.1328125,2814.0
107,gmic,495.907135721005,159,158.64220125786164,,2.452830188679245,2358.0
107,nyu,77.65933757199673,25,436.7192,,1.6,2390.0
107,glam,416.5930834729807,130,169.06192307692308,,1.0307692307692309,2600.0
108,gmic,485.4328166070045,155,151.87290322580645,,4.658064516129032,2361.0
108,nyu,65.22414706199197,21,465.8133333333333,,1.5714285714285714,2391.0
108,glam,408.4146734399837,128,162.571484375,,0.9765625,2600.0
109,gmic,486.8379467880004,156,156.03442307692308,,1.5769230769230769,2358.0
109,nyu,72.18907753500389,23,456.4413043478261,,1.826086956521739,2394.0
109,glam,410.052063798008,129,165.3413953488372,,1.2015503875968991,2600.0
110,gmic,482.4110948989983,154,155.00272727272727,,1.9090909090909087,2572.0
110,nyu,69.23689149797428,22,469.4072727272727,,1.0909090909090908,2389.0
110,glam,408.36608745798,128,163.7653125,,1.296875,2599.0
111,gmic,481.3309268699959,154,152.27012987012986,,2.5974025974025974,2357.0
111,nyu,64.55114286497701,21,454.9500000000001,,1.0952380952380951,2388.0
111,glam,402.76515983900754,125,165.6488,,1.88,2597.0
112,gmic,490.19194978202,156,160.6148076923077,,1.0384615384615383,2359.0
112,nyu,70.63685109303333,23,479.62260869565216,,0.0,2389.0
112,glam,414.448523116007,130,173.73415384615384,,0.7,2601.0
113,gmic,482.9636316400138,154,155.82032467532466,,1.551948051948052,2357.0
113,nyu,69.29492407903308,22,467.11909090909097,,2.136363636363636,2395.0
113,glam,405.544888222008,126,168.33650793650796,,1.0555555555555556,2829.0
114,gmic,481.76549051800976,154,153.66896103896104,,1.62987012987013,2570.0
114,nyu,64.11698528000852,21,455.60428571428577,,1.8571428571428568,2424.0
114,glam,406.9479484310141,127,166.06141732283464,,1.7559055118110236,2639.0
115,gmic,489.1003037840128,157,156.0244585987261,,1.0063694267515924,2394.0
115,nyu,71.67409996502101,23,471.3278260869566,,2.347826086956522,2425.0
115,glam,412.6092449760181,129,171.14186046511628,,2.224806201550388,2636.0
116,gmic,484.43136739201145,155,154.9607741935484,,2.393548387096774,2651.0
116,nyu,63.62374652503058,20,475.239,,3.75,2480.0
116,glam,403.7714909440256,125,167.44735999999995,,0.944,2689.0
117,gmic,474.2112105949782,152,145.55980263157895,,1.3157894736842106,2448.0
117,nyu,56.16645028500352,18,450.3894444444445,,2.055555555555556,2480.0
117,glam,397.7559831860126,124,155.2691129032258,,1.3387096774193548,2697.0
118,gmic,481.5704911190551,154,156.91974025974025,,1.9025974025974024,2447.0
118,nyu,70.43902013497427,22,467.58681818181816,,1.2727272727272727,2480.0
118,glam,408.7482928080135,127,169.03826771653544,,0.5433070866141733,2767.0
119,gmic,483.615176672989,155,152.23967741935485,,1.8580645161290323,2534.0
119,nyu,62.26969330501743,20,465.5955,,0.0,2564.0
119,glam,405.30486126599135,126,161.60984126984127,,1.8253968253968251,2768.0
120,gmic,488.9372879819712,156,156.9023076923077,,1.435897435897436,2533.0
120,nyu,67.40400340099586,22,465.5190909090909,,0.9090909090909092,2558.0
120,glam,413.22461533301976,130,165.57430769230768,,0.8538461538461538,2768.0
121,gmic,484.9217853180016,154,155.1766883116883,,1.9805194805194808,2528.0
121,nyu,65.5856262499583,21,446.3285714285714,,1.809523809523809,2558.0
121,glam,406.8659733090317,126,163.23285714285714,,0.2301587301587301,2770.0
122,gmic,483.86729818896856,154,152.88337662337662,,1.9025974025974024,2685.0
122,nyu,68.70400226803031,22,439.7795454545454,,6.909090909090909,2457.0
122,glam,406.36792876798427,125,163.81032000000002,,1.88,2664.0
123,gmic,488.6892344619846,156,160.18762820512822,,1.4294871794871795,2550.0
123,nyu,74.79275702196173,24,449.1720833333334,,0.9583333333333334,2588.0
123,glam,414.7394953040057,129,171.744496124031,,1.7674418604651163,2792.0
124,gmic,492.83259060099954,157,153.511974522293,,1.5732484076433122,2552.0
124,nyu,75.20667172101093,24,412.6066666666666,,0.7916666666666666,2583.0
124,glam,413.1493163140258,127,165.13417322834647,,1.1181102362204725,2794.0
125,gmic,478.0081952640321,153,147.66725490196075,,2.673202614379085,2548.0
125,nyu,54.13953071495053,17,486.0182352941176,,0.0588235294117647,2577.0
125,glam,400.36231664801016,125,158.30895999999998,,1.424,2787.0
126,gmic,491.60565846500685,157,160.2527388535032,,1.751592356687898,2547.0
126,nyu,76.23925944895018,24,466.99125,,1.7083333333333333,2582.0
126,glam,414.4050542369951,129,176.79976744186044,,0.7751937984496124,2882.0
127,gmic,479.3488400540082,153,154.50934640522877,,0.9673202614379084,2411.0
127,nyu,65.03165571799036,21,464.0366666666667,,1.4285714285714286,2449.0
127,glam,403.1032298749778,125,165.17176,,0.832,2654.0
128,gmic,487.5572983410093,156,155.93564102564102,,1.7435897435897436,2411.0
128,nyu,71.73340497800382,23,444.2934782608696,,2.0434782608695654,2449.0
128,glam,412.651677279966,128,164.770859375,,0.5859375,2656.0
129,gmic,485.031446848996,155,148.0718064516129,,2.696774193548387,2411.0
129,nyu,66.03048322402174,21,437.3133333333333,,1.0952380952380951,2443.0
129,glam,408.7227445989847,126,160.6445238095238,,1.2698412698412698,2653.0
130,gmic,480.9890780140413,154,145.20214285714286,,0.8961038961038961,2554.0
130,nyu,57.36561349401018,18,473.5916666666666,,2.0,2586.0
130,glam,401.5493651309516,122,154.62008196721314,,0.6065573770491803,2797.0
131,gmic,484.4623628670233,155,157.59799999999998,,1.7096774193548387,2555.0
131,nyu,69.9463306000107,22,465.7704545454546,,0.8636363636363636,2587.0
131,glam,405.9997686760034,124,171.13725806451615,,0.2177419354838709,2798.0
132,gmic,482.58468261599774,154,153.23266233766236,,1.8311688311688312,2553.0
132,nyu,64.28905795502942,21,450.0914285714286,,1.1904761904761905,2592.0
132,glam,407.3304939990048,125,164.95695999999998,,1.272,2798.0
133,gmic,496.25607977999607,158,156.42518987341774,,1.3987341772151898,2554.0
133,nyu,78.75190278398804,25,408.7376,,2.04,2586.0
133,glam,421.4650488789776,131,163.9198473282443,,0.6412213740458015,2796.0
134,gmic,486.58152428804897,155,155.8127741935484,,1.3612903225806452,2480.0
134,nyu,69.30139535601484,22,452.2586363636364,,0.0454545454545454,2494.0
134,glam,410.3023504879675,126,167.74722222222223,,0.9126984126984128,2713.0
135,gmic,495.7919077920378,158,162.10234177215187,,2.1265822784810124,2469.0
135,nyu,72.34306609997293,23,473.96478260869566,,1.4782608695652173,2501.0
135,glam,414.4821008730214,129,169.97813953488372,,0.689922480620155,2711.0
136,gmic,480.63585046102526,154,152.69974025974025,,1.4350649350649352,2473.0
136,nyu,64.68865806999383,21,446.9252380952381,,0.5238095238095238,2512.0
136,glam,402.3072376180208,125,165.89664000000002,,1.712,2717.0
137,gmic,487.84730156802107,156,154.91814102564103,,1.5192307692307692,2482.0
137,nyu,73.69587896199664,24,421.4575,,2.333333333333333,2511.0
137,glam,410.93878872698406,126,166.78063492063492,,0.8412698412698413,2853.0
138,gmic,474.66481543798,152,143.68157894736842,,2.710526315789474,2394.0
138,nyu,49.55374317802489,16,474.374375,,1.9375,2426.0
138,glam,394.4955843730131,121,156.06636363636363,,0.5702479338842975,2636.0
139,gmic,481.8369333849987,154,153.22155844155844,,1.4610389610389611,2394.0
139,nyu,67.11635589395883,22,440.6322727272727,,1.4090909090909092,2431.0
139,glam,405.99087849695934,125,167.124,,0.76,2636.0
140,gmic,493.74181083298754,158,158.31063291139242,,2.4430379746835444,2396.0
140,nyu,74.76102059497498,24,463.2616666666667,,1.8333333333333333,2426.0
140,glam,418.8272929590312,130,169.03815384615385,,0.5923076923076923,2636.0
141,gmic,483.0316994410241,154,150.74506493506493,,2.688311688311688,2529.0
141,nyu,63.01217485999223,20,449.285,,1.65,2565.0
141,glam,405.00852764898445,124,160.29588709677418,,1.7903225806451613,2775.0
142,gmic,492.9318795360159,157,162.18910828025477,,1.6687898089171975,2541.0
142,nyu,74.64696197601734,24,452.8470833333333,,0.125,2574.0
142,glam,416.6770990220248,130,170.71884615384616,,0.0,2781.0
143,gmic,488.97545185597846,156,155.40044871794873,,1.141025641025641,2546.0
143,nyu,73.12306013400666,23,442.21434782608696,,0.0434782608695652,2578.0
143,glam,412.6659365299856,127,165.08858267716536,,1.1968503937007875,2946.0
144,gmic,481.0797624600236,153,161.57986928104577,,1.607843137254902,2539.0
144,nyu,74.5794070980046,24,440.17625,,1.0,2573.0
144,glam,405.6155477749999,125,170.8604,,1.184,2781.0
145,gmic,480.2443096049829,153,156.2767320261438,,1.2026143790849673,2539.0
145,nyu,70.42771838296903,23,435.1717391304348,,1.0434782608695652,2571.0
145,glam,407.1369023960433,123,169.47788617886178,,1.0406504065040652,2781.0
146,gmic,494.67158996203216,158,161.6414556962025,,2.0126582278481013,2541.0
146,nyu,70.88983924902277,23,462.4334782608696,,1.6521739130434785,2571.0
146,glam,417.1472206549952,130,174.87946153846156,,0.4384615384615384,2781.0
147,gmic,489.348102887976,156,155.25608974358974,,1.4935897435897436,2733.0
147,nyu,70.06372142402688,22,467.2254545454545,,0.7727272727272727,2526.0
147,glam,410.938100571977,128,164.727421875,,0.6640625,2735.0
148,gmic,493.68427787401015,158,152.41443037974685,,1.9493670886075949,2493.0
148,nyu,71.95562511996832,23,438.0839130434783,,4.3478260869565215,2526.0
148,glam,413.8896877869847,126,167.150873015873,,2.2142857142857144,2734.0
149,gmic,489.57513724203454,156,155.0130128205128,,2.7564102564102564,2493.0
149,nyu,69.92604145401856,22,450.2181818181818,,4.545454545454546,2530.0
149,glam,412.6061535319896,127,164.7523622047244,,1.4645669291338583,2737.0
150,gmic,482.86293425096665,154,155.26194805194805,,2.0064935064935066,2495.0
150,nyu,65.06203184195329,21,456.462380952381,,1.8571428571428568,2526.0
150,glam,405.16511081997305,124,169.46298387096775,,0.1451612903225806,2735.0
151,gmic,482.9481102990103,154,153.34772727272727,,1.3311688311688312,2629.0
151,nyu,62.09474646899616,20,458.987,,0.85,2456.0
151,glam,405.92209626804106,125,162.70695999999998,,0.944,2713.0
152,gmic,475.94589869800257,152,153.53598684210527,,1.1907894736842106,2425.0
152,nyu,63.27051476796623,20,466.664,,1.2,2459.0
152,glam,401.5137218110031,122,165.70434426229508,,0.2786885245901639,2660.0
153,gmic,481.0646350290044,153,144.52797385620914,,2.869281045751634,2418.0
153,nyu,59.96319859102368,19,460.04263157894735,,0.2105263157894736,2451.0
153,glam,403.5344499479979,123,156.28487804878048,,0.3008130081300813,2660.0
154,gmic,479.0364099369617,153,156.11921568627452,,1.5751633986928104,2421.0
154,nyu,62.53952011000365,20,494.3865,,0.85,2451.0
154,glam,402.4408529269858,123,168.3238211382114,,0.2926829268292683,2831.0
155,gmic,491.5092454199912,157,154.7522929936306,,1.7197452229299364,2422.0
155,nyu,71.76379181502853,23,454.8056521739131,,1.565217391304348,2458.0
155,glam,424.3057134650298,130,171.62823076923078,,1.1,2807.0
156,gmic,489.1257103300304,156,154.3796794871795,,3.121794871794872,2500.0
156,nyu,70.03623152896762,23,441.5243478260869,,2.5217391304347827,2536.0
156,glam,412.4806131990045,128,163.66078125,,0.8203125,2740.0
157,gmic,501.60981576301856,160,161.4328125,,1.8375,2498.0
157,nyu,79.77631783601828,25,461.74160000000006,,0.8,2530.0
157,glam,423.5162381799892,130,175.03853846153845,,0.9615384615384616,2742.0
158,gmic,482.2216768310173,153,153.9892156862745,,2.3529411764705883,2662.0
158,nyu,67.47287124604918,21,466.0457142857143,,0.4761904761904761,2699.0
158,glam,418.874892034044,129,172.9906976744186,,0.5813953488372093,2653.0
159,gmic,505.7707973259967,161,157.91316770186336,,2.503105590062112,2855.0
159,nyu,92.43001904396806,29,420.8848275862069,,7.275862068965517,2655.0
159,glam,424.3030403200537,129,174.25054263565892,,1.744186046511628,2861.0
160,gmic,491.12049862602726,156,152.3651282051282,,2.3974358974358974,2735.0
160,nyu,65.05827262200182,21,448.35857142857145,,5.380952380952381,2721.0
160,glam,408.74770947900834,125,166.98568,,1.624,2932.0
161,gmic,495.0362159659853,158,155.82569620253165,,3.721518987341772,2689.0
161,nyu,71.47006883600261,23,468.3430434782608,,5.434782608695652,2726.0
161,glam,419.5630274330033,130,170.02146153846155,,2.2,3010.0
162,gmic,541.2405853389646,172,155.77348837209303,,3.383720930232558,2929.0
162,nyu,80.30316180898808,25,448.98,,2.08,2701.0
162,glam,432.5738737700158,132,170.04530303030302,,1.0984848484848484,3163.0
163,gmic,482.5889418250299,154,149.21805194805196,,2.5064935064935066,2719.0
163,nyu,62.234948785975575,20,447.2555,,0.1,2752.0
163,glam,420.32725177996326,129,157.6158914728682,,1.7054263565891472,3236.0
164,gmic,515.2968049590127,164,162.87658536585366,,1.2926829268292683,2966.0
164,nyu,80.13365810300456,26,447.13153846153847,,2.8076923076923075,2700.0
164,glam,496.6138284999761,151,196.3993377483444,,0.8874172185430463,3165.0
165,gmic,504.0339668979868,160,163.7143125,,0.94375,2626.0
165,nyu,74.3097955880221,24,452.10583333333335,,0.4166666666666667,2659.0
165,glam,416.771228520025,127,171.27543307086614,,0.7322834645669292,2863.0
166,gmic,490.209960216016,156,154.67583333333334,,1.051282051282051,2622.0
166,nyu,68.5208732369938,22,448.3127272727272,,0.0909090909090909,2660.0
166,glam,413.7130439339671,128,166.404296875,,0.328125,2864.0
167,gmic,490.5219907090068,156,160.16384615384615,,1.064102564102564,2627.0
167,nyu,73.58221106498968,24,438.6408333333333,,4.166666666666667,2660.0
167,glam,416.18041427701246,128,169.3590625,,1.0859375,2864.0
168,gmic,496.34764640405774,158,160.1970253164557,,1.379746835443038,2693.0
168,nyu,74.81462552701123,24,468.35583333333335,,1.125,2545.0
168,glam,423.73221245699096,130,172.09061538461538,,0.8,2749.0
169,gmic,489.5532056780066,156,155.59910256410257,,0.7371794871794872,2513.0
169,nyu,69.05565899703652,22,466.3345454545455,,2.090909090909091,2546.0
169,glam,410.8799859139836,125,167.33784,,1.168,2750.0
170,gmic,496.7615201789886,158,159.92000000000002,,1.8544303797468356,2508.0
170,nyu,81.08714920002967,26,435.20038461538456,,1.4230769230769231,2546.0
170,glam,419.7942837480223,127,170.33535433070867,,0.905511811023622,2750.0
171,gmic,482.6920466260053,154,153.6303246753247,,1.422077922077922,2508.0
171,nyu,65.64641765702982,21,454.5295238095238,,0.0476190476190476,2546.0
171,glam,406.380808321992,123,164.36967479674797,,1.3821138211382114,2755.0
172,gmic,489.2997619920643,156,163.5001923076923,,0.5961538461538461,2613.0
172,nyu,76.49767176993191,24,482.45,,0.7083333333333334,2651.0
172,glam,415.0814385629492,126,175.04357142857145,,1.3492063492063493,2855.0
173,gmic,494.1868052679347,157,162.57496815286623,,1.8980891719745223,2613.0
173,nyu,77.79677868809085,25,462.7784,,0.6,2651.0
173,glam,418.1093420010293,128,172.906875,,0.7421875,2855.0
174,gmic,490.0868164669955,156,157.52987179487178,,0.5897435897435898,2613.0
174,nyu,69.84348368400242,22,468.5040909090909,,0.7272727272727273,2651.0
174,glam,413.4811157330405,125,169.812,,1.616,2860.0
175,gmic,486.917060239939,155,158.88529032258066,,1.7225806451612904,2618.0
175,nyu,67.21119536692277,21,495.8080952380952,,1.1428571428571428,2651.0
175,glam,407.8408288420178,124,172.65879032258064,,0.3467741935483871,2922.0
176,gmic,485.9790202509612,155,150.81090322580644,,1.8580645161290323,2507.0
176,nyu,56.294029266922735,18,455.1755555555556,,0.9444444444444444,2540.0
176,glam,400.4332430970389,120,159.05758333333333,,0.5416666666666666,2744.0
177,gmic,484.5920860049082,154,149.97324675324677,,1.2272727272727273,2502.0
177,nyu,64.98424455802888,21,431.6719047619048,,0.0476190476190476,2540.0
177,glam,408.1842901639175,123,161.7247967479675,,0.9105691056910568,2744.0
178,gmic,496.36712327203713,158,159.51443037974684,,0.7784810126582279,2502.0
178,nyu,80.21670958399773,26,418.9611538461538,,1.0384615384615383,2540.0
178,glam,420.9593221310061,128,172.19015625,,1.8359375,2749.0
179,gmic,483.4458661790704,154,147.9157142857143,,1.155844155844156,2623.0
179,nyu,57.1918399410788,18,463.0316666666666,,1.6666666666666667,2661.0
179,glam,406.496080373996,121,158.53429752066117,,0.2727272727272727,2870.0
180,gmic,485.0332556359936,155,154.12193548387097,,0.5870967741935483,2623.0
180,nyu,69.3666894249618,22,433.66909090909087,,2.772727272727273,2661.0
180,glam,409.1671658110572,121,167.22289256198349,,0.0413223140495867,2865.0
181,gmic,480.03344249201473,153,153.4908496732026,,1.2352941176470589,2623.0
181,nyu,63.5574549989542,20,478.658,,0.0,2661.0
181,glam,403.2437433670275,120,167.38233333333335,,0.8333333333333334,2865.0
182,gmic,487.7331138780573,155,159.63348387096772,,0.9032258064516128,2628.0
182,nyu,72.61098488396965,23,453.9034782608696,,0.9130434782608696,2661.0
182,glam,411.4104546860326,125,171.7672,,0.104,2865.0
183,gmic,481.3165906720096,153,155.3143790849673,,1.562091503267974,2512.0
183,nyu,65.11206303990912,21,474.8247619047619,,0.0,2545.0
183,glam,404.1307765099919,121,169.35528925619835,,0.0578512396694214,2749.0
184,gmic,486.3264825961087,155,154.52851612903223,,1.367741935483871,2507.0
184,nyu,64.16340949002188,20,483.56049999999993,,1.85,2537.0
184,glam,410.8763081190409,125,166.57272,,0.088,2741.0
185,gmic,494.03518041595817,157,160.0267515923567,,0.9490445859872612,2499.0
185,nyu,73.40440842800308,23,466.1660869565217,,2.347826086956522,2537.0
185,glam,416.57553387305234,128,171.264609375,,0.4609375,2746.0
186,gmic,491.76606677495874,157,157.72936305732483,,0.4331210191082802,2499.0
186,nyu,74.97232371196151,24,439.7320833333333,,3.7916666666666665,2537.0
186,glam,413.9241592000472,126,168.91055555555556,,0.365079365079365,2856.0
187,gmic,487.5273058320163,155,161.90625806451612,,1.664516129032258,2624.0
187,nyu,72.85535791597795,23,479.0539130434783,,0.8695652173913043,2652.0
187,glam,411.4930102130165,123,172.43235772357724,,0.1951219512195122,2856.0
188,gmic,489.4649854069576,156,155.4132051282051,,0.5961538461538461,2614.0
188,nyu,73.29513433401007,24,442.87625,,1.4166666666666667,2652.0
188,glam,413.4864918210078,125,171.35832000000002,,0.456,2856.0
189,gmic,485.838383509079,154,161.02227272727274,,0.7922077922077922,2619.0
189,nyu,74.62858998903539,24,447.68666666666667,,0.8333333333333334,2652.0
189,glam,410.65098311996553,124,171.99298387096775,,0.4274193548387097,2856.0
190,gmic,493.6230369800469,157,157.81,,1.6687898089171975,2680.0
190,nyu,71.15769579599146,22,472.3236363636364,,0.0,2585.0
190,glam,416.03176717599854,124,173.27435483870968,,0.9758064516129032,2789.0
191,gmic,483.6577349939616,154,157.28616883116882,,1.9155844155844155,2552.0
191,nyu,67.69648765900638,21,476.4076190476191,,0.3809523809523809,2585.0
191,glam,405.0832654850092,124,169.400564516129,,0.5483870967741935,2789.0
192,gmic,482.41301927005406,154,157.04967532467532,,1.4155844155844155,2547.0
192,nyu,72.62100271205418,23,453.6134782608696,,0.782608695652174,2585.0
192,glam,406.9451459889533,123,169.1447967479675,,0.1707317073170731,2789.0
193,gmic,486.5159493929241,155,158.155935483871,,0.5419354838709678,2547.0
193,nyu,74.46244595199823,23,457.8334782608696,,1.3478260869565215,2585.0
193,glam,411.9280559238978,123,167.69130081300813,,1.2439024390243902,2865.0
194,gmic,488.40717504604254,155,156.22825806451613,,1.167741935483871,2447.0
194,nyu,67.77429592399858,22,437.75,,0.0,2485.0
194,glam,408.7007541010389,122,167.16254098360653,,0.0081967213114754,2694.0
195,gmic,496.4104916979559,158,156.5818987341772,,1.2974683544303798,2447.0
195,nyu,70.74731180095114,23,461.3413043478261,,0.0,2485.0
195,glam,417.8632856929908,124,173.02499999999998,,0.0,2689.0
196,gmic,500.31551621307153,160,163.0500625,,0.43125,2447.0
196,nyu,86.61994854500517,28,429.3007142857143,,0.5,2485.0
196,glam,427.7638934010174,130,176.1676923076923,,0.2538461538461538,2694.0
197,gmic,486.2719303130871,155,153.50387096774193,,0.5290322580645161,2452.0
197,nyu,68.1034590320196,22,441.7027272727273,,0.0,2485.0
197,glam,410.8694894240471,122,166.50204918032787,,0.0,2835.0
198,gmic,487.67985885206144,155,156.42451612903224,,1.4387096774193548,2598.0
198,nyu,69.62846384407021,22,454.2863636363636,,0.9545454545454546,2631.0
198,glam,411.0153407229809,122,166.46540983606556,,1.2049180327868851,2835.0
199,gmic,482.3278859499842,154,148.43837662337663,,0.6753246753246753,2598.0
199,nyu,58.446201769053005,18,470.5405555555556,,1.1111111111111112,2631.0
199,glam,403.09565997798927,119,162.96773109243696,,0.9831932773109244,2835.0
200,gmic,488.9359269610141,156,150.8548717948718,,0.8141025641025641,2593.0
200,nyu,67.68951995298266,22,443.3354545454545,,0.9090909090909092,2631.0
200,glam,414.206924963044,125,164.81616,,0.928,2840.0
201,gmic,485.39117466902826,154,157.11512987012986,,1.2402597402597402,2683.0
201,nyu,76.9564484989969,24,460.3975,,0.7916666666666666,2573.0
201,glam,409.7847360649612,124,167.85524193548386,,0.5887096774193549,2782.0
202,gmic,480.5495104889851,153,150.631045751634,,2.045751633986928,2535.0
202,nyu,62.88283584290184,20,445.61800000000005,,0.45,2573.0
202,glam,403.4960125930375,119,161.07983193277312,,0.6722689075630253,2782.0
203,gmic,499.8380439419998,159,158.3335849056604,,0.949685534591195,2535.0
203,nyu,77.59891916997731,25,441.0452,,0.04,2573.0
203,glam,425.50487149192486,129,170.47240310077518,,0.0,2782.0
204,gmic,481.6730458179954,153,152.3913071895425,,0.2418300653594771,2535.0
204,nyu,70.22336663806345,21,459.8990476190477,,0.0,2573.0
204,glam,407.745222143014,121,164.85016528925618,,1.603305785123967,2892.0
205,gmic,486.016046226956,154,155.1511038961039,,0.7532467532467533,2435.0
205,nyu,69.41276499500964,22,457.72545454545457,,0.5909090909090909,2468.0
205,glam,411.0846370230429,123,170.19975609756096,,0.991869918699187,2672.0
206,gmic,484.8930132349488,154,156.3822077922078,,0.7857142857142857,2435.0
206,nyu,71.88111417903565,23,441.5365217391304,,0.6956521739130435,2468.0
206,glam,410.08243730908725,122,166.7283606557377,,0.3688524590163934,2672.0
207,gmic,482.7925561020384,154,158.09857142857143,,0.8051948051948052,2435.0
207,nyu,67.48679208604153,21,484.0995238095238,,0.0,2468.0
207,glam,408.3677494620206,123,170.24341463414632,,0.2276422764227642,2672.0
208,gmic,484.9731155090267,154,156.77545454545452,,1.0064935064935066,2435.0
208,nyu,68.14937688107602,22,447.7877272727273,,0.8181818181818182,2473.0
208,glam,409.3277833380271,120,169.96966666666668,,0.8333333333333334,2822.0
209,gmic,490.7693583329674,156,152.72314102564104,,1.185897435897436,2580.0
209,nyu,65.12373696197756,21,453.65,,1.8571428571428568,2618.0
209,glam,411.7693552779965,123,164.4968292682927,,0.032520325203252,2827.0
210,gmic,485.9938638641033,154,156.24344155844153,,1.0844155844155845,2580.0
210,nyu,67.24428095994517,21,462.3219047619048,,1.2857142857142858,2618.0
210,glam,408.1639257230563,119,170.08319327731093,,0.957983193277311,2827.0
211,gmic,484.2975861949381,154,160.82954545454547,,1.4675324675324677,2580.0
211,nyu,80.27366014500149,25,475.2148,,0.52,2618.0
211,glam,412.0893623729935,121,176.4382644628099,,0.0,2822.0
212,gmic,479.4425447949907,152,151.65973684210525,,1.4736842105263157,2684.0
212,nyu,59.38468716898933,18,483.875,,1.6666666666666667,2540.0
212,glam,400.48321791691706,119,162.90521008403363,,0.3109243697478991,2749.0
213,gmic,485.4045111871092,155,159.24632258064517,,0.5870967741935483,2507.0
213,nyu,70.08235572790727,22,487.8954545454546,,0.9090909090909092,2540.0
213,glam,410.5888897840632,123,173.6656910569106,,0.7642276422764228,2744.0
214,gmic,480.26808653306216,153,150.898954248366,,0.3071895424836601,2507.0
214,nyu,61.21264550101478,19,468.3794736842105,,1.0526315789473684,2540.0
214,glam,432.60743123397697,127,159.51212598425198,,0.7716535433070866,3346.0
215,gmic,532.797694702982,169,160.0651479289941,,5.183431952662722,2906.0
215,nyu,84.87602340104058,26,493.68307692307695,,7.115384615384615,2598.0
215,glam,451.4757627620129,136,177.32272058823528,,5.205882352941177,3059.0
216,gmic,554.2677958779968,174,176.84040229885056,,4.396551724137931,2838.0
216,nyu,86.52882761997171,27,452.9274074074074,,0.0,2513.0
216,glam,437.6065649379743,129,177.44093023255817,,0.2015503875968992,2718.0
217,gmic,496.6810300119687,158,153.8754430379747,,0.2088607594936709,2434.0
217,nyu,58.93180185498204,19,450.581052631579,,0.1052631578947368,2470.0
217,glam,405.2272861440433,122,158.99590163934425,,0.4180327868852459,2680.0
218,gmic,484.1620272549335,154,149.41311688311688,,1.318181818181818,2442.0
218,nyu,65.2198529849993,21,444.04952380952375,,0.0,2477.0
218,glam,406.81579394603614,117,162.10358974358974,,0.3247863247863248,2679.0
219,gmic,497.6126566629391,158,164.4515189873418,,0.6708860759493671,2433.0
219,nyu,81.52373589400668,25,488.404,,0.0,2467.0
219,glam,423.7825952700805,128,175.54859375,,0.2578125,2922.0
220,gmic,491.2201491349842,156,156.41070512820514,,0.5641025641025641,2478.0
220,nyu,67.91020801407285,22,463.89,,0.4545454545454545,2515.0
220,glam,412.1781276400434,125,166.59672,,0.024,2720.0
221,gmic,488.68498167500366,156,154.11224358974357,,1.0320512820512822,2483.0
221,nyu,67.34133457602002,22,456.2013636363636,,1.0,2516.0
221,glam,415.4697953929426,124,167.11201612903224,,0.7983870967741935,2723.0
222,gmic,477.65342374995816,151,147.00503311258277,,1.1390728476821192,2483.0
222,nyu,55.19370246399194,17,481.204705882353,,0.0,2507.0
222,glam,398.9085431819549,116,159.24637931034485,,0.1206896551724138,2718.0
223,gmic,494.8637912409613,157,159.1399363057325,,0.6050955414012739,2478.0
223,nyu,73.33359299204312,23,450.2434782608696,,0.0,2516.0
223,glam,418.4328896889929,127,169.43913385826772,,0.0078740157480314,2853.0
224,gmic,480.1157944300212,153,154.13,,1.026143790849673,2614.0
224,nyu,66.24572951195296,21,460.6833333333333,,0.2857142857142857,2648.0
224,glam,404.931906029,119,166.19840336134453,,0.0,2853.0
225,gmic,479.46477960201446,152,154.53118421052633,,0.4934210526315789,2611.0
225,nyu,61.90801414696034,19,489.4078947368421,,1.0526315789473684,2648.0
225,glam,401.9257979459362,118,165.96805084745762,,0.1949152542372881,2857.0
226,gmic,481.5404843629804,153,150.68392156862743,,0.5163398692810458,2613.0
226,nyu,61.62619876198005,19,470.3384210526316,,0.1052631578947368,2648.0
226,glam,405.90561264101416,122,161.94467213114754,,0.639344262295082,2857.0
227,gmic,495.3242430459941,157,163.25490445859873,,0.6878980891719745,2706.0
227,nyu,79.39934981195256,25,457.6088,,0.0,2538.0
227,glam,417.38406159495935,121,174.15826446280994,,0.0991735537190082,2741.0
228,gmic,493.4166814950295,157,156.44764331210192,,0.8789808917197452,2501.0
228,nyu,71.348261545063,22,476.0345454545455,,1.5454545454545454,2537.0
228,glam,418.1753269740148,123,169.74081300813006,,0.2032520325203252,2740.0
229,gmic,496.4404501470272,157,155.62305732484077,,0.8089171974522293,2498.0
229,nyu,71.88979499298148,23,449.02086956521737,,0.0,2532.0
229,glam,415.4469419850502,122,168.53426229508196,,0.081967213114754,2736.0
230,gmic,494.3768652939471,157,156.92904458598727,,0.8343949044585988,2498.0
230,nyu,74.80374630203005,24,445.0858333333333,,0.0,2530.0
230,glam,418.3067599079805,121,170.37264462809918,,0.1157024793388429,2885.0
231,gmic,483.34308917005546,154,155.8688961038961,,0.5909090909090909,2442.0
231,nyu,71.04102119489107,22,460.2254545454545,,0.9090909090909092,2476.0
231,glam,410.5151454320876,122,168.84909836065574,,0.1721311475409836,2684.0
232,gmic,483.09058168693446,154,153.24740259740258,,0.3246753246753247,2440.0
232,nyu,68.75863144604955,21,468.6447619047619,,0.8095238095238095,2482.0
232,glam,408.62484599498566,119,166.1585714285714,,0.0504201680672268,2683.0
233,gmic,494.5125466299942,157,158.56031847133758,,0.5668789808917197,2440.0
233,nyu,73.43337526905816,23,462.6869565217391,,0.0869565217391304,2478.0
233,glam,418.198689189041,124,167.64943548387097,,0.0,2684.0
234,gmic,481.8829140840098,153,150.96908496732027,,1.0849673202614378,2442.0
234,nyu,58.14858441601973,18,496.7622222222222,,1.1111111111111112,2667.0
234,glam,401.2676469960716,120,164.17691666666667,,0.0,2647.0
235,gmic,500.29064019897487,159,155.3850314465409,,0.5849056603773585,2401.0
235,nyu,76.26474006590433,24,430.0275,,0.0833333333333333,2438.0
235,glam,421.82913756300695,124,169.1875806451613,,0.0887096774193548,2647.0
236,gmic,488.6825738310581,155,156.38851612903227,,0.5935483870967742,2403.0
236,nyu,70.42339049500879,22,450.78,,0.0,2438.0
236,glam,414.2265673460206,121,169.53305785123968,,0.0661157024793388,2643.0
237,gmic,493.26482915703673,157,157.32649681528662,,1.1719745222929936,2405.0
237,nyu,72.26056940096896,22,464.9395454545455,,0.9545454545454546,2439.0
237,glam,419.012509905966,125,168.66376,,0.0,2646.0
238,gmic,489.15186521189753,155,163.3665806451613,,0.8,2601.0
238,nyu,82.56355124490801,26,439.00384615384615,,0.1153846153846153,2484.0
238,glam,415.1694929169025,122,175.0250819672131,,0.0,2691.0
239,gmic,497.5038676669356,158,156.1636075949367,,0.6582278481012658,2447.0
239,nyu,72.8533608710859,22,461.3922727272727,,0.0,2484.0
239,glam,419.63409502396826,122,172.07688524590165,,0.1721311475409836,2690.0
240,gmic,491.7476752259536,156,153.42769230769233,,0.4294871794871794,2451.0
240,nyu,66.23645317496266,21,457.3480952380952,,0.8095238095238095,2483.0
240,glam,414.0503529009875,122,165.73008196721312,,0.3688524590163934,2690.0
241,gmic,489.0772519140737,155,157.22187096774192,,0.4838709677419355,2449.0
241,nyu,75.12709446600638,23,460.2,,0.0869565217391304,2483.0
241,glam,418.0766051260289,125,170.25784,,0.112,2847.0
242,gmic,506.6002244799165,160,164.2691875,,0.41875,2405.0
242,nyu,77.95224130596034,25,472.4132,,0.68,2414.0
242,glam,418.8061223870609,121,177.89586776859505,,0.3388429752066115,2629.0
243,gmic,496.8904884470394,158,161.91955696202533,,0.7278481012658228,2390.0
243,nyu,81.4618875690503,26,445.5207692307693,,0.0,2425.0
243,glam,421.0766137290048,122,177.68196721311477,,0.1967213114754098,2638.0
244,gmic,487.0591856939718,154,156.29305194805195,,0.1688311688311688,2399.0
244,nyu,66.80055761302356,21,460.2942857142857,,5.523809523809524,2434.0
244,glam,410.28000945900567,122,164.04418032786884,,0.0,2641.0
245,gmic,487.5201941239648,155,154.62070967741934,,0.9806451612903224,2568.0
245,nyu,69.16692327999044,22,439.24409090909097,,0.5454545454545454,2603.0
245,glam,437.881962999003,131,162.4526717557252,,1.213740458015267,3194.0
246,gmic,543.9101204050239,170,162.7324705882353,,5.770588235294118,3517.0
246,nyu,96.12142735091038,28,486.82964285714286,,8.071428571428571,3402.0
246,glam,457.1590850359062,133,181.43323308270675,,5.518796992481203,3635.0
247,gmic,547.6752280649962,171,156.6977777777778,,7.526315789473684,3978.0
247,nyu,87.86347119801212,26,454.64,,6.307692307692308,3975.0
247,glam,453.1595251039834,129,175.46124031007753,,3.9612403100775193,4018.0
248,gmic,554.8579202890396,173,169.35797687861273,,6.369942196531792,3813.0
248,nyu,92.99099755694624,27,478.7692592592593,,7.592592592592593,3717.0
248,glam,465.2119465630967,133,186.1772180451128,,5.443609022556391,4145.0
249,gmic,560.0494971269509,174,169.81896551724137,,9.839080459770114,3945.0
249,nyu,120.69817778095604,35,454.79857142857145,,6.0,3878.0
249,glam,510.45998392405454,147,198.16653061224488,,4.448979591836735,4333.0
250,gmic,567.6775188209722,162,166.25703703703704,,2.450617283950617,4655.0
250,nyu,88.66859067801852,28,390.88178571428574,,0.0,2520.0
250,glam,435.4458847020287,126,167.53746031746033,,0.0634920634920634,2749.0
251,gmic,484.39890432194807,153,154.321045751634,,0.8169934640522876,2460.0
251,nyu,64.00326210190542,20,453.02699999999993,,0.0,2487.0
251,glam,411.81493742309976,118,167.3386440677966,,0.2372881355932203,2938.0
252,gmic,488.6559769540327,155,153.9685806451613,,0.2129032258064516,2655.0
252,nyu,64.45452409703285,20,480.7425,,1.0,2679.0
252,glam,408.9667618840467,122,167.47188524590163,,0.0163934426229508,2897.0
253,gmic,492.5161850330187,156,161.26826923076922,,0.2179487179487179,2643.0
253,nyu,74.79435528290924,24,442.84875000000005,,0.7083333333333334,2679.0
253,glam,414.3622716650134,121,173.92,,0.0,2944.0
254,gmic,490.5286607289454,155,159.9896129032258,,0.4129032258064516,2655.0
254,nyu,73.29141578904819,23,452.5730434782609,,0.0,2679.0
254,glam,416.94950829294976,121,170.29752066115702,,0.0,2946.0
255,gmic,492.8446785060223,157,156.74777070063695,,0.6751592356687898,2657.0
255,nyu,74.22548934002407,23,463.954347826087,,0.6956521739130435,2668.0
255,glam,414.14835748507176,121,166.78157024793387,,0.0,2888.0
256,gmic,484.9648337130202,154,150.98298701298702,,1.5714285714285714,2643.0
256,nyu,65.70194349996746,21,447.2176190476191,,0.0,2666.0
256,glam,408.4425093550235,120,161.33891666666668,,0.025,2961.0
257,gmic,497.0105011590058,158,160.47253164556963,,1.1772151898734178,2551.0
257,nyu,75.68741483800113,24,452.80875,,0.5833333333333334,2577.0
257,glam,422.2149340850301,122,172.7789344262295,,0.1475409836065573,2793.0
258,gmic,504.4300865440164,160,168.228125,,0.48125,2553.0
258,nyu,87.72930202900898,27,475.84222222222223,,0.8518518518518519,2575.0
258,glam,428.6760136960074,123,183.68422764227645,,0.024390243902439,2793.0
259,gmic,494.7642293480458,157,155.84745222929936,,0.3375796178343949,2574.0
259,nyu,74.96341834706254,24,426.0429166666667,,0.8333333333333334,2611.0
259,glam,417.7424163629767,123,165.47024390243902,,0.0,2830.0
260,gmic,488.0240090299631,155,156.12277419354837,,0.6387096774193548,2690.0
260,nyu,69.33965606288984,21,472.3133333333333,,0.0,2714.0
260,glam,414.576919504907,119,166.89823529411763,,0.5126050420168067,2917.0
261,gmic,487.4575619699899,155,151.02451612903226,,0.7225806451612903,2688.0
261,nyu,62.79198578605428,19,489.8584210526316,,0.0,2710.0
261,glam,409.2192664931063,118,166.48593220338984,,0.0,2929.0
262,gmic,493.5542209689738,156,158.29147435897437,,0.3846153846153846,2686.0
262,nyu,73.49618073599413,23,463.6743478260869,,0.0869565217391304,2710.0
262,glam,419.74953976192046,123,170.88260162601628,,0.0,2929.0
263,gmic,486.370015207096,154,151.6692857142857,,0.6363636363636364,2687.0
263,nyu,62.21069317997899,19,490.5010526315789,,1.4736842105263157,2712.0
263,glam,406.96208539500367,118,166.22025423728817,,0.0169491525423728,2984.0
264,gmic,480.4689063110855,152,148.90605263157894,,0.6381578947368421,2544.0
264,nyu,57.07910334598273,17,483.7370588235294,,0.1764705882352941,2568.0
264,glam,401.9564677689923,119,162.20941176470586,,0.5210084033613446,2790.0
265,gmic,488.3036064180778,155,151.78393548387095,,0.1096774193548387,2544.0
265,nyu,65.97052206401713,20,451.813,,0.0,2569.0
265,glam,406.9727487580385,118,164.47186440677967,,0.0084745762711864,2831.0
266,gmic,498.6260871159611,158,159.80120253164557,,0.2278481012658227,2544.0
266,nyu,82.97113531501964,26,436.2753846153846,,0.7307692307692307,2568.0
266,glam,424.3184199660318,122,171.91713114754097,,0.0,2785.0
267,gmic,488.0692325340351,155,149.33612903225804,,0.3612903225806451,2547.0
267,nyu,63.2932315079961,19,463.6168421052631,,0.5789473684210527,2662.0
267,glam,411.1373091260903,118,161.06127118644068,,0.0169491525423728,2879.0
268,gmic,490.3561889310368,156,154.6976923076923,,0.5192307692307693,2638.0
268,nyu,70.46000640909187,22,462.7209090909091,,0.3636363636363636,2667.0
268,glam,414.13267929002177,119,170.05092436974792,,0.0,2883.0
269,gmic,483.282240656903,153,153.30163398692812,,0.3202614379084967,2641.0
269,nyu,66.14049818599597,20,473.792,,0.15,2662.0
269,glam,406.68987160001416,118,164.29262711864405,,0.0423728813559322,2882.0
270,gmic,493.4416408590041,156,155.78262820512822,,0.4038461538461538,2638.0
270,nyu,68.14501669700257,21,477.35,,0.5714285714285714,2667.0
270,glam,415.710708486964,118,171.14830508474577,,0.0677966101694915,2863.0
271,gmic,499.1285428709816,158,158.6729746835443,,0.3987341772151899,2681.0
271,nyu,81.30345042399131,25,436.8212,,0.44,2502.0
271,glam,422.7056618148927,121,169.26115702479336,,0.0082644628099173,2762.0
272,gmic,491.0536192370346,156,154.5699358974359,,1.185897435897436,2476.0
272,nyu,66.57070404302794,21,474.61761904761903,,0.9523809523809524,2502.0
272,glam,413.84285812301096,122,168.19590163934427,,0.0491803278688524,2722.0
273,gmic,487.5134850300383,154,154.71337662337663,,0.5324675324675324,2480.0
273,nyu,69.62913072796073,22,448.92,,0.0,2502.0
273,glam,409.3810689249076,119,167.35882352941178,,0.1260504201680672,2720.0
274,gmic,495.47229465597775,157,157.97095541401274,,0.8280254777070064,2478.0
274,nyu,72.91500004997943,23,471.9713043478261,,0.0,2502.0
274,glam,418.3513054039795,120,173.21233333333333,,0.0,2846.0
275,gmic,490.22068744397257,155,156.10025806451614,,0.632258064516129,2604.0
275,nyu,73.84658007090911,23,442.65086956521736,,0.0,2628.0
275,glam,413.7987620480126,122,168.74959016393444,,0.0,2835.0
276,gmic,502.44912912801374,159,166.67276729559748,,1.0566037735849056,2604.0
276,nyu,90.4411839901004,28,445.8225000000001,,0.1428571428571428,2629.0
276,glam,430.46081313106697,123,182.4321951219512,,0.0,2846.0
277,gmic,492.4570627169451,156,157.26416666666665,,1.0,2606.0
277,nyu,71.73803753091488,22,486.80727272727273,,0.0,2628.0
277,glam,415.9344684720272,120,170.99408333333335,,0.0083333333333333,2846.0
278,gmic,491.2660748530179,155,157.8534193548387,,0.3290322580645161,2674.0
278,nyu,73.16860006493516,23,452.0421739130434,,0.0869565217391304,2695.0
278,glam,414.8489922799636,120,173.1365,,0.1583333333333333,2904.0
279,gmic,497.9580741510727,157,159.66847133757963,,0.4522292993630573,2670.0
279,nyu,75.31064189900644,23,464.991304347826,,0.0,2712.0
279,glam,419.6923029699829,124,170.96645161290323,,0.0,2914.0
280,gmic,498.9275088799186,158,152.98999999999998,,0.2278481012658227,2674.0
280,nyu,76.38356181106064,23,423.3391304347826,,0.8260869565217391,2695.0
280,glam,421.5021843409632,121,164.39504132231406,,0.0330578512396694,2913.0
281,gmic,493.5760364680318,156,161.2376282051282,,0.0833333333333333,2673.0
281,nyu,73.53177457395941,23,473.12739130434784,,0.0869565217391304,2695.0
281,glam,418.9119828239782,119,172.32613445378152,,0.0,2966.0
282,gmic,498.5553239820292,157,163.03662420382165,,0.8407643312101911,2497.0
282,nyu,79.71470125799533,25,452.6932,,0.08,2521.0
282,glam,421.9988895190181,121,177.88115702479337,,0.0,2739.0
283,gmic,493.9965440600645,156,158.8728205128205,,0.75,2497.0
283,nyu,76.56084539589938,24,443.2475,,0.25,2521.0
283,glam,414.9335886311019,120,170.92166666666665,,0.1083333333333333,2782.0
284,gmic,480.5784668229753,152,150.46177631578948,,0.3684210526315789,2497.0
284,nyu,59.60582934692502,18,475.4544444444445,,0.8333333333333334,2521.0
284,glam,403.22030193090905,118,165.06372881355932,,0.1525423728813559,2738.0
285,gmic,495.3904885640368,157,156.37063694267516,,0.9044585987261148,2544.0
285,nyu,71.27875233197119,23,461.3908695652174,,0.3043478260869565,2634.0
285,glam,420.5641376191052,121,172.2307438016529,,0.0,2850.0
286,gmic,490.4888497159118,155,152.9898064516129,,0.3741935483870968,2608.0
286,nyu,67.93549904006068,20,462.162,,0.1,2632.0
286,glam,415.1911411089823,118,166.23957627118645,,0.8220338983050848,2836.0
287,gmic,484.06171725096647,153,152.6137908496732,,0.7516339869281046,2607.0
287,nyu,65.40208964096382,20,466.134,,0.0,2631.0
287,glam,406.0181833920069,119,164.1418487394958,,0.2605042016806723,2840.0
288,gmic,489.6688734870404,155,154.00677419354838,,1.032258064516129,2596.0
288,nyu,68.2177297900198,20,480.7815,,0.05,2632.0
288,glam,415.4138120050775,122,167.1072950819672,,0.2131147540983606,2892.0
289,gmic,503.8004745029612,159,169.05798742138364,,0.5031446540880503,2662.0
289,nyu,89.37573781202082,28,470.9610714285714,,0.0,2698.0
289,glam,429.1832489109365,123,187.4008943089431,,0.0,2918.0
290,gmic,489.5185655180831,155,158.36303225806452,,0.4387096774193548,2674.0
290,nyu,64.99294582300354,20,489.403,,0.15,2698.0
290,glam,412.2475062099984,117,168.26222222222222,,0.0,2916.0
291,gmic,495.3181950680446,157,159.39401273885352,,0.8853503184713376,2675.0
291,nyu,71.92467415588908,22,497.8668181818182,,0.0,2700.0
291,glam,417.7528931640554,117,174.73393162393162,,0.2222222222222222,2920.0
292,gmic,509.0837628430454,161,158.69993788819875,,0.2111801242236025,2674.0
292,nyu,87.8447926879162,27,435.7925925925926,,0.5185185185185185,2698.0
292,glam,434.0101064259652,125,175.42767999999998,,0.0,2916.0
293,gmic,497.1460628240602,157,157.53127388535032,,0.7388535031847133,2511.0
293,nyu,71.6187313660048,23,455.5973913043478,,0.0,2535.0
293,glam,418.858749645995,122,170.2838524590164,,0.0327868852459016,2752.0
294,gmic,490.86594517703634,155,152.52593548387097,,0.3741935483870968,2551.0
294,nyu,70.19829428894445,22,436.4913636363636,,0.0,2532.0
294,glam,414.4181875539944,118,164.52677966101697,,0.0084745762711864,2740.0
295,gmic,482.5944011539687,152,153.19855263157896,,0.2960526315789473,2550.0
295,nyu,60.78436861897353,18,498.4094444444445,,0.7222222222222222,2532.0
295,glam,404.04876600194257,115,164.52939130434785,,0.008695652173913,2797.0
296,gmic,502.7040731959278,159,153.19106918238995,,0.2955974842767295,2648.0
296,nyu,84.67370020993985,26,390.2776923076923,,0.0,2642.0
296,glam,427.5842227519024,124,166.54322580645163,,0.0,2893.0
297,gmic,499.0271454360336,158,156.4968987341772,,0.1139240506329113,2607.0
297,nyu,75.31004131597001,23,464.0978260869565,,0.3043478260869565,2629.0
297,glam,419.8076410839567,121,171.56347107438015,,0.024793388429752,2834.0
298,gmic,484.8382583659841,153,153.99385620915032,,0.4509803921568627,2605.0
298,nyu,66.04014652897604,20,477.6875,,0.1,2629.0
298,glam,408.6483199869981,119,165.7298319327731,,0.6386554621848739,2846.0
299,gmic,502.7408290570602,159,159.44440251572328,,0.2893081761006289,2647.0
299,nyu,78.75148256192915,24,465.27833333333336,,0.0,2631.0
299,glam,426.853129009949,122,173.27459016393442,,0.0,2959.0
300,gmic,487.5042316049803,153,153.53071895424836,,0.3529411764705882,2738.0
300,nyu,64.75300596200395,20,470.7735,,0.4,2626.0
300,glam,407.0497434110148,117,164.64239316239315,,0.0,2844.0
301,gmic,485.6194563159952,154,151.32974025974025,,0.1753246753246753,2646.0
301,nyu,67.62093624204863,21,459.32047619047614,,0.0,2627.0
301,glam,410.3416150599951,119,167.02957983193278,,0.0252100840336134,2892.0
302,gmic,486.2174736850429,153,152.82967320261437,,0.457516339869281,2602.0
302,nyu,62.87570187693928,19,487.6147368421053,,0.4210526315789473,2625.0
302,glam,408.46751760400366,118,165.35669491525425,,0.0254237288135593,2841.0
303,gmic,493.6297797909938,155,156.85670967741936,,0.7419354838709677,2610.0
303,nyu,66.38879824301694,20,495.8775,,0.0,2631.0
303,glam,422.4009941959521,123,167.1430894308943,,0.2276422764227642,3021.0
304,gmic,504.5312823069981,159,166.22987421383647,,1.0628930817610065,2576.0
304,nyu,76.15246009198017,23,500.7091304347826,,0.0,2608.0
304,glam,424.20137552404776,121,177.59413223140496,,0.0082644628099173,2799.0
305,gmic,490.5696056629531,155,151.40290322580643,,0.5290322580645161,2578.0
305,nyu,64.28403447696473,20,464.468,,0.2,2602.0
305,glam,415.1543705479708,118,166.09144067796612,,0.0,2820.0
306,gmic,493.7432232300053,156,159.74583333333334,,0.3012820512820512,2584.0
306,nyu,73.14946454996243,23,458.6117391304348,,0.1304347826086956,2609.0
306,glam,416.802104218048,119,171.83361344537815,,0.0672268907563025,2826.0
307,gmic,490.8704439469148,155,152.57716129032258,,0.5612903225806452,2631.0
307,nyu,68.06497924006544,19,498.3063157894737,,0.1578947368421052,2784.0
307,glam,412.0747706090333,117,168.1348717948718,,0.017094017094017,3032.0
308,gmic,481.1002540519694,152,147.30546052631578,,0.5,2791.0
308,nyu,59.1940152249299,17,486.9541176470588,,0.1176470588235294,2769.0
308,glam,402.276204487076,115,161.6451304347826,,0.017391304347826,2989.0
309,gmic,493.0013913009316,155,159.63393548387097,,0.5483870967741935,2788.0
309,nyu,74.81421594694257,23,451.5526086956521,,0.0,2769.0
309,glam,413.146803536918,120,173.34,,0.0166666666666666,2976.0
310,gmic,496.0261026569642,157,155.42057324840763,,0.4076433121019108,2746.0
310,nyu,76.73750629194546,24,397.885,,0.0,2769.0
310,glam,420.6019169120118,121,165.65570247933886,,0.0,2988.0
311,gmic,495.7400396669982,157,159.56624203821656,,0.4203821656050955,2796.0
311,nyu,78.67844505701214,24,469.1675,,0.0,2666.0
311,glam,423.3686540449271,121,175.28330578512396,,0.0661157024793388,2875.0
312,gmic,503.62866432697047,159,153.96974842767295,,1.2075471698113207,2686.0
312,nyu,81.85633770306595,23,439.1539130434783,,0.0,2666.0
312,glam,429.37835764396,124,163.53943548387096,,0.0,2884.0
313,gmic,481.6946160310181,152,154.68552631578947,,0.5328947368421053,2642.0
313,nyu,67.03378879302181,20,463.2295,,0.05,2666.0
313,glam,409.9000410720473,117,168.5875213675214,,0.0341880341880341,2884.0
314,gmic,485.422094955924,153,153.50254901960784,,0.6862745098039216,2685.0
314,nyu,66.59955502406228,20,478.0575,,0.0,2667.0
314,glam,407.4278332060203,117,168.3417948717949,,0.1452991452991453,2997.0
315,gmic,495.9253266310552,158,152.95145569620254,,0.430379746835443,2798.0
315,nyu,71.3715582009172,21,474.5709523809524,,0.0,2779.0
315,glam,417.43781171098817,119,167.70697478991596,,0.0168067226890756,2997.0
316,gmic,507.96464991394896,159,166.56773584905662,,0.3647798742138364,2757.0
316,nyu,82.04676112497691,25,482.8732,,0.0,2791.0
316,glam,429.3310974730412,125,180.94984,,0.024,2997.0
317,gmic,489.0638824650087,154,155.3096753246753,,0.525974025974026,2756.0
317,nyu,67.30677442194428,21,473.787619047619,,0.3809523809523809,2782.0
317,glam,408.5663732110988,118,170.4985593220339,,0.0084745762711864,2997.0
318,gmic,487.9986652310472,154,150.81058441558443,,0.3051948051948052,2809.0
318,nyu,65.16442890302278,21,435.7157142857144,,0.3809523809523809,2673.0
318,glam,411.9003979039844,117,164.6121367521367,,0.0,2893.0
319,gmic,486.6264719630126,154,153.5785064935065,,0.9545454545454546,2651.0
319,nyu,63.45870770304464,17,533.6247058823528,,0.0,2673.0
319,glam,410.8238854230149,117,167.20700854700857,,0.1282051282051282,2934.0
320,gmic,481.0934822360287,152,146.0886842105263,,0.2105263157894736,2695.0
320,nyu,58.87833358708304,16,499.80625,,0.0625,2676.0
320,glam,403.5433066630503,117,159.27504273504275,,0.017094017094017,2937.0
321,gmic,497.4908149039839,156,153.01583333333335,,0.5512820512820513,2803.0
321,nyu,70.28614410094451,21,457.03523809523807,,0.0476190476190476,2547.0
321,glam,407.5310806729831,118,167.4013559322034,,0.0338983050847457,2765.0
322,gmic,491.04173072299454,155,156.05212903225808,,0.9612903225806452,2521.0
322,nyu,74.99659339303616,22,467.96636363636367,,0.2272727272727272,2542.0
322,glam,415.08834593801294,119,169.80991596638657,,0.1512605042016806,2760.0
323,gmic,477.5249747389462,151,149.98675496688742,,1.0066225165562914,2521.0
323,nyu,60.41334604204167,18,479.005,,0.0,2555.0
323,glam,404.9316212199629,117,164.40085470085472,,0.0,2826.0
324,gmic,494.3961775329663,156,161.99076923076925,,0.2179487179487179,2523.0
324,nyu,77.57879288308322,24,473.6366666666667,,0.0416666666666666,2548.0
324,glam,418.9296704200096,119,179.22453781512607,,0.0672268907563025,2902.0
325,gmic,482.85382289998233,152,147.47447368421052,,0.7105263157894737,2677.0
325,nyu,61.79406715510413,18,450.4555555555555,,0.0,2699.0
325,glam,403.177088467055,115,160.35478260869564,,0.0,2917.0
326,gmic,492.67478601890616,156,158.04012820512818,,0.4166666666666667,2678.0
326,nyu,71.99596948595718,22,468.7872727272727,,0.0,2699.0
326,glam,417.29595581104513,118,173.5513559322034,,0.0084745762711864,2920.0
327,gmic,492.9488232460572,155,161.2696129032258,,0.3354838709677419,2675.0
327,nyu,73.45465761399828,22,485.44772727272726,,0.7727272727272727,2713.0
327,glam,418.31167462002486,121,173.7121487603306,,0.024793388429752,2920.0
328,gmic,491.388080716948,155,151.76503225806454,,0.2774193548387096,2766.0
328,nyu,63.42340102605522,18,494.0311111111111,,0.2777777777777778,2552.0
328,glam,408.7518602589844,118,164.42169491525422,,0.0,2770.0
329,gmic,490.0896574050421,155,157.39432258064517,,0.1806451612903225,2524.0
329,nyu,72.36213131702971,22,479.1959090909091,,0.0909090909090909,2554.0
329,glam,414.2693782889983,118,171.71381355932203,,0.0,2770.0
330,gmic,482.25190411601216,153,150.2597385620915,,1.0196078431372548,2536.0
330,nyu,63.49568629800342,19,470.11894736842106,,0.0,2561.0
330,glam,406.381435085088,115,165.8090434782609,,0.0,2778.0
331,gmic,483.4664667389589,153,151.83254901960785,,0.1568627450980392,2536.0
331,nyu,62.6623086980544,18,499.3466666666666,,0.0,2560.0
331,glam,407.3664245889522,120,164.9705,,0.1666666666666666,2778.0
332,gmic,496.03099026193377,156,157.11666666666667,,0.3974358974358974,2689.0
332,nyu,72.72825498902239,22,486.1027272727273,,0.2727272727272727,2714.0
332,glam,419.9986879840726,119,171.519243697479,,0.0168067226890756,2931.0
333,gmic,159.90613306395244,51,156.82686274509803,,0.4705882352941176,2691.0
333,nyu,24.060697918990627,8,394.5175,,0.125,2714.0
333,glam,135.83386124903336,39,164.43512820512822,,0.0,2971.0
